scheme_name,page_url,pdf_url,status,saved_path
Scholarship Result,https://www.vidyasaarathi.co.in/Vidyasaarathi/scholarship/javascript:void(0),,NO_PDF_FOUND,
Closed Schemes,https://www.vidyasaarathi.co.in/Vidyasaarathi/scholarship/#2b,,NO_PDF_FOUND,
Scholarship Scheme,https://sjmsnew.rajasthan.gov.in/scholarship/StudentDashBoard.aspx,,FAILED_TO_LOAD_PAGE,
CM Kanyadan Scheme,https://sso.rajasthan.gov.in/signin,,NO_PDF_FOUND,
Palanhar Scheme,https://sjmsnew.rajasthan.gov.in/palanhaar/,,FAILED_TO_LOAD_PAGE,
Press Note regarding Funeral Grant Scheme,https://sje.rajasthan.gov.in/siteadmin/Uploads/202607161201598561.pdf,,NO_PDF_FOUND,
Departmental Schemes/Activites,https://sje.rajasthan.gov.in/Default.aspx?PageID=2,https://sje.rajasthan.gov.in/Schemes/Antheyesthi_Scheme.pdf,DOWNLOADED,Scheme_PDFs/Departmental Schemes_Activites/Antheyesthi_Scheme.pdf
Departmental Schemes/Activites,https://sje.rajasthan.gov.in/Default.aspx?PageID=2,https://sje.rajasthan.gov.in/Schemes/beggars and Poor people.pdf,DOWNLOADED,Scheme_PDFs/Departmental Schemes_Activites/beggars and Poor people.pdf
Departmental Schemes/Activites,https://sje.rajasthan.gov.in/Default.aspx?PageID=2,https://sje.rajasthan.gov.in/pt_deendayal_process_of_registration.pdf,DOWNLOADED,Scheme_PDFs/Departmental Schemes_Activites/pt_deendayal_process_of_registration.pdf
Departmental Schemes/Activites,https://sje.rajasthan.gov.in/Default.aspx?PageID=2,https://sje.rajasthan.gov.in/pt_deendayal_shivir_n_types_of_disability.pdf,DOWNLOADED,Scheme_PDFs/Departmental Schemes_Activites/pt_deendayal_shivir_n_types_of_disability.pdf
Departmental Schemes/Activites,https://sje.rajasthan.gov.in/Default.aspx?PageID=2,https://sje.rajasthan.gov.in/sap_rules_act_2016_n_21_types_disabilities.pdf,DOWNLOADED,Scheme_PDFs/Departmental Schemes_Activites/sap_rules_act_2016_n_21_types_disabilities.pdf
Departmental Schemes/Activites,https://sje.rajasthan.gov.in/Default.aspx?PageID=2,https://sje.rajasthan.gov.in/sap_welfare_schemes.pdf,DOWNLOADED,Scheme_PDFs/Departmental Schemes_Activites/sap_welfare_schemes.pdf
Departmental Schemes/Activites,https://sje.rajasthan.gov.in/Default.aspx?PageID=2,https://sje.rajasthan.gov.in/siteadmin/Uploads/201910311530534583.pdf,DOWNLOADED,Scheme_PDFs/Departmental Schemes_Activites/201910311530534583.pdf
Departmental Schemes/Activites,https://sje.rajasthan.gov.in/Default.aspx?PageID=2,https://sje.rajasthan.gov.in/siteadmin/Uploads/201911211545271328.pdf,DOWNLOADED,Scheme_PDFs/Departmental Schemes_Activites/201911211545271328.pdf
Departmental Schemes/Activites,https://sje.rajasthan.gov.in/Default.aspx?PageID=2,https://sje.rajasthan.gov.in/siteadmin/Uploads/202107061215060698.pdf,DOWNLOADED,Scheme_PDFs/Departmental Schemes_Activites/202107061215060698.pdf
Departmental Schemes/Activites,https://sje.rajasthan.gov.in/Default.aspx?PageID=2,https://sje.rajasthan.gov.in/siteadmin/Uploads/202107061604065219.pdf,DOWNLOADED,Scheme_PDFs/Departmental Schemes_Activites/202107061604065219.pdf
Departmental Schemes/Activites,https://sje.rajasthan.gov.in/Default.aspx?PageID=2,https://sje.rajasthan.gov.in/siteadmin/Uploads/202302241355250776.pdf,DOWNLOADED,Scheme_PDFs/Departmental Schemes_Activites/202302241355250776.pdf
Departmental Schemes/Activites,https://sje.rajasthan.gov.in/Default.aspx?PageID=2,https://sje.rajasthan.gov.in/siteadmin/Uploads/202302241449266853.pdf,DOWNLOADED,Scheme_PDFs/Departmental Schemes_Activites/202302241449266853.pdf
Departmental Schemes/Activites,https://sje.rajasthan.gov.in/Default.aspx?PageID=2,https://sje.rajasthan.gov.in/siteadmin/Uploads/202406271148090737.pdf,DOWNLOADED,Scheme_PDFs/Departmental Schemes_Activites/202406271148090737.pdf
Departmental Schemes/Activites,https://sje.rajasthan.gov.in/Default.aspx?PageID=2,https://sje.rajasthan.gov.in/siteadmin/Uploads/202503041308442595.pdf,DOWNLOADED,Scheme_PDFs/Departmental Schemes_Activites/202503041308442595.pdf
Departmental Schemes/Activites,https://sje.rajasthan.gov.in/Default.aspx?PageID=2,https://sje.rajasthan.gov.in/siteadmin/Uploads/202503041430346860.pdf,DOWNLOADED,Scheme_PDFs/Departmental Schemes_Activites/202503041430346860.pdf
Scholarship App,https://play.google.com/store/apps/details?id=com.sjescholarship,,NO_PDF_FOUND,
Scholarship Scheme Related FAQs,https://sje.rajasthan.gov.in/siteadmin/Uploads/202607131625194312.pdf,,NO_PDF_FOUND,
List Of Scholarships in India,https://www.scholarships.net.in/list-of-scholarships-in-india,,NO_PDF_FOUND,
Panasonic Ratti Chhatr Scholarship 2026-27,https://www.scholarships.net.in/64862.html,,NO_PDF_FOUND,
Aakash National Talent Hunt Exam (ANTHE) Scholarship 2026,https://www.scholarships.net.in/64856.html,,NO_PDF_FOUND,
Luxury Connect Business School Scholarship 2026-27,https://www.scholarships.net.in/64853.html,,NO_PDF_FOUND,
Indian School of Hospitality (ISH) Admission Scholarship 2026-27,https://www.scholarships.net.in/64848.html,,NO_PDF_FOUND,
Kotak Kanya Scholarship 2026-27,https://www.scholarships.net.in/64844.html,,NO_PDF_FOUND,
Mohan T Advani Centennial Scholarship 2026-27 For Diploma Students,https://www.scholarships.net.in/64839.html,,NO_PDF_FOUND,
Hero FinCorp Raman Kant Munjal Scholarship 2026-27,https://www.scholarships.net.in/64834.html,,NO_PDF_FOUND,
Mohan T Advani Centennial Scholarship 2026-27 For Engineering & Architecture Students,https://www.scholarships.net.in/64837.html,,NO_PDF_FOUND,
Scholarship Portal,https://sjmsnew.rajasthan.gov.in/scholarship/,,FAILED_TO_LOAD_PAGE,
Buddy4Study College Admission Scholarship 2026-27,https://www.scholarships.net.in/64830.html,,NO_PDF_FOUND,
Schaeffler India Hope Engineering Scholarship Program 2026,https://www.scholarships.net.in/64827.html,,NO_PDF_FOUND,
Satya Scholarship Program 2026 : Nehru Sidhant Kender Trust,https://www.scholarships.net.in/64823.html,,NO_PDF_FOUND,
Shrimati Sadhana Khaitan Vidyadhan Scholarship For Women in STEM 2026,https://www.scholarships.net.in/64819.html,,NO_PDF_FOUND,
Vidyadhan Puducherry Plus 1 Scholarship Program 2026,https://www.scholarships.net.in/64815.html,,NO_PDF_FOUND,
Vidyadhan Tamil Nadu Plus 1 Scholarship Program 2026,https://www.scholarships.net.in/64809.html,,NO_PDF_FOUND,
Vidyadhan Daman and Diu 11th Std Scholarship Program 2026,https://www.scholarships.net.in/64806.html,,NO_PDF_FOUND,
Vidyadhan SECMOLE Ladakh Scholarship Program 2026,https://www.scholarships.net.in/64802.html,,NO_PDF_FOUND,
Vidyadhan Rajasthan 11th Std Scholarship Program 2026,https://www.scholarships.net.in/64796.html,,NO_PDF_FOUND,
Vidyadhan Delhi 11th Std Scholarship Program 2026,https://www.scholarships.net.in/64793.html,,NO_PDF_FOUND,
"Web portal for
                                            Fellowship/Scholarship Legacy Cases",https://scholarship.canarabank.in/,,FAILED_TO_LOAD_PAGE,
Vidyadhan Maharashtra 11th Std Scholarship Program 2026,https://www.scholarships.net.in/64787.html,,NO_PDF_FOUND,
www.scholarships.net.in,https://www.scholarships.net.in/?blackhole=e55a36693b,,NO_PDF_FOUND,
ST Welfare Grant,https://tribal.nic.in/Scholarship.aspx/STWelfareGrant.aspx,,FAILED_TO_LOAD_PAGE,
DBT(Pre and Post Matric Scholarship),https://dbttribal.gov.in/,,FAILED_TO_LOAD_PAGE,
Guidelines Pre-Matric (PDF),https://tribal.nic.in/Scholarship.aspx/downloads/guidelines/pre-matric/guidelines-Pre-matric-17-Oct-2022.pdf,,FAILED_TO_LOAD_PAGE,
National Fellowship Scheme,https://fellowship.tribal.gov.in/,,FAILED_TO_LOAD_PAGE,
National Overseas Scholarship,https://overseas.tribal.gov.in/,,FAILED_TO_LOAD_PAGE,
Aadhar Notification for 8 schemes 9.6 (PDF),https://tribal.nic.in/Scholarship.aspx/downloads/circulars/Aadhar Notification for 8 schemes 9.6.pdf,,FAILED_TO_LOAD_PAGE,
National Fellowship-FAQs (PDF),https://tribal.nic.in/Scholarship.aspx/downloads/faqs/National-Fellowship-FAQs.pdf,,FAILED_TO_LOAD_PAGE,
National Overseas Scholarship FAQs (PDF),https://tribal.nic.in/Scholarship.aspx/downloads/faqs/National-Overseas-Scholarship-FAQs.pdf,,FAILED_TO_LOAD_PAGE,
National Scholarship FAQs (PDF),https://tribal.nic.in/Scholarship.aspx/downloads/faqs/National-Scholarship-FAQs.pdf,,FAILED_TO_LOAD_PAGE,
Annexure I - Pre-Matric and Post-Matric Scholarship Fund released Utilized and Beneficiary 2013-24 to 2025-26,https://tribal.nic.in/Scholarship.aspx/downloads/scholarship/pre/AnnexureI-PreMatricnPost-MatricScholarshipFundreleasedUtilizedBeneficiary2013-24to2025-26.xlsx,,FAILED_TO_LOAD_PAGE,
Annexure II - Fund Release and Beneficiaries for Central Sector Scheme for Scholarship for F.Y.2023-14 to 2025-26,https://tribal.nic.in/Scholarship.aspx/downloads/scholarship/NFS/AnnexureII-FundReleasenBeneficiaries4CSSScholarship4FY2023-14to2025-26.pdf,,FAILED_TO_LOAD_PAGE,
lncrease in the scholarship amount under the Centrally Sponsored Scheme of Pre-Matric Scholarship for Scheduled Tribe students: 20 Dec 2019 (PDF),https://tribal.nic.in/Scholarship.aspx/downloads/guidelines/pre-matric/IncreaseincholarshipamtunderPrenPMS20Dec2019.pdf,,FAILED_TO_LOAD_PAGE,
2019-20 National Fellowship & Scholarship result (PDF),https://tribal.nic.in/Scholarship.aspx/downloads/results/2019-20 National Fellowship & Scholarship result.pdf,,FAILED_TO_LOAD_PAGE,
"Amendment to para 4.1 [Part-B (Scholarship)] of the scheme ""National Fellowship and Scholarship for Higher Education for ST Students"" from 2023-24(PDF)",https://tribal.nic.in/Scholarship.aspx/downloads/guidelines/NFS/AmendmentGuidelinesNFS4highereducaton4STstudents_7July2023.pdf,,FAILED_TO_LOAD_PAGE,
"Revised List of 265 Institutes Eligible for Scholarship under National Fellowship and Scholarship for Higher Education of ST Students
(Top Class Scholarship Scheme) for 2023-24 onward (PDF)",https://tribal.nic.in/Scholarship.aspx/downloads/guidelines/Top-Class/Revised265-InstituteListTopClassScholarship2023-24onwards.pdf,,FAILED_TO_LOAD_PAGE,
Guidelines of scheme “National Fellowship and Scholarship for Higher Education of ST students. (PDF),https://tribal.nic.in/Scholarship.aspx/downloads/guidelines/Top-Class/GuidelinesFellowshipandScholarship2022.pdf,,FAILED_TO_LOAD_PAGE,
"Revised list of Institutes under the Scheme ""National Fellowship and  Scholarship for Higher Education  of ST Students"" from the existing  246 Institutes to 252 Institutes, from the financial year 2022-23(PDF)",https://tribal.nic.in/Scholarship.aspx/downloads/guidelines/Top-Class/RevisedList252lnslitutesEligibleforScholarshipforTopClassfromFY2022-23.pdf,,FAILED_TO_LOAD_PAGE,
2024-25 National Scholarship result  (PDF),https://tribal.nic.in/Scholarship.aspx/downloads/scholarship/topclass/TopClassSelectedStudentsListFY2024-25321222May2025.pdf,,FAILED_TO_LOAD_PAGE,
2024-25 National Scholarship result  (PDF),https://tribal.nic.in/Scholarship.aspx/downloads/scholarship/topclass/RevisedListTopClassSelectedStudentsFY2024-253211.pdf,,FAILED_TO_LOAD_PAGE,
2023-24 National Scholarship result  (PDF),https://tribal.nic.in/Scholarship.aspx/downloads/scholarship/topclass/List2893SelectedStudentsNSS202324.pdf,,FAILED_TO_LOAD_PAGE,
2022-23 National Scholarship result  (PDF),https://tribal.nic.in/Scholarship.aspx/writereaddata/News/202305230216135801919MeritList4PublishingonWebsitefor2022-23.pdf,,FAILED_TO_LOAD_PAGE,
2021-22 National Scholarship result  (PDF),https://tribal.nic.in/Scholarship.aspx/writereaddata/News/202210080750551326040NFSS202122Provisinal750forFellowshipSelected1788ScholarshipCandidateslist.pdf,,FAILED_TO_LOAD_PAGE,
2020-21 National Scholarship result (PDF),https://tribal.nic.in/Scholarship.aspx/downloads/results/Merit list-NFSS-2020-21.pdf,,FAILED_TO_LOAD_PAGE,
2019-20 National Scholarship result (PDF),https://tribal.nic.in/Scholarship.aspx/downloads/results/Letter and Provisionally List Top Class 2019-20.pdf,,FAILED_TO_LOAD_PAGE,
2018-19 National Scholarship result (PDF),https://tribal.nic.in/Scholarship.aspx/downloads/results/Final Merit List of 1000 students for 2018-19 Top Class Scheme_7.3.19.pdf,,FAILED_TO_LOAD_PAGE,
2017-18 National Scholarship result (PDF),https://tribal.nic.in/Scholarship.aspx/downloads/results/List of Candidates selected for National Scholarship for the year 2017.pdf,,FAILED_TO_LOAD_PAGE,
Guidelines of scheme “National Fellowship and Scholarship for Higher Education of ST students. (PDF),https://tribal.nic.in/Scholarship.aspx/downloads/guidelines/NFS/GuidelinesFellowshipandScholarship2022.pdf,,FAILED_TO_LOAD_PAGE,
"Ministry invites online application for National Fellowship under scheme ""National Fellowship & Scholarship for Higher Education of ST Students"" for the year 2024-25",https://tribal.gov.in/writereaddata/News/202408060927346401358advnfst202425.pdf,,FAILED_TO_LOAD_PAGE,
Online application invited for National Fellowship  for the ST Students for the year 2021-22 -Advertisement,https://tribal.nic.in/Scholarship.aspx/downloads/scholarship/NS/NFST-Adv4invitingApp21-22.pdf,,FAILED_TO_LOAD_PAGE,
No. of States/UTs received grant15,https://dashboard.tribal.gov.in/,,NO_PDF_FOUND,
Ministry invites online applications for National Fellowship under the scheme “National Fellowship & Scholarship for Higher Education of ST Students” for the year 2025-26,https://tribal.nic.in/Scholarship.aspx/downloads/circulars/Inviteapplications4NFS202526.pdf,,FAILED_TO_LOAD_PAGE,
Revised rate of fellowship w.e.f 1.1.2023,https://tribal.nic.in/Scholarship.aspx/downloads/circulars/RevisionOfFellowshipAmountNFS4HESTStudentsScheme01012023.pdf,,FAILED_TO_LOAD_PAGE,
"List of 750 provisionally selected candidates for the year 2024-25 under the scheme of ""National Fellowship and Scholarship for Higher Education of ST Students""

  (PDF)",https://tribal.nic.in/Scholarship.aspx/downloads/scholarship/NFS/Listof750ProvisionallySelectedCandidates4NFST-2425.pdf,,FAILED_TO_LOAD_PAGE,
"2nd merit list for the year 2021-22 under the scheme of ""National Fellowship and Scholarship for Higher Education of ST Students""
  (PDF)",https://tribal.gov.in/writereaddata/News/2023062412302469279012ndmeritlist61candidates-2021-22.pdf,,FAILED_TO_LOAD_PAGE,
Extension of deadline for application Submission - National Fellowship for Higher Education of ST Students (NFST) 2025-26,https://tribal.gov.in/writereaddata/News/202509301100027960713ExtenLastDate4OnlineSubmissionApplications15102025.pdf,,FAILED_TO_LOAD_PAGE,
2019-20 National Fellowship & Scholarship result (PDF),https://tribal.nic.in/Scholarship.aspx/downloads/results/Letter and Provisionally List NFST-2019-20.pdf,,FAILED_TO_LOAD_PAGE,
National Fellowship-FAQs (PDF),https://tribal.nic.in/Scholarship.aspx/downloads/faqs/FAQ_NFST_21-22.pdf,,FAILED_TO_LOAD_PAGE,
Amendment in eligibility criteria and courses covered under the NOS Scheme for ST Students from 2026-27(PDF),https://tribal.nic.in/Scholarship.aspx/downloads/guidelines/NOS/Amendment_NOS-2627.pdf,,FAILED_TO_LOAD_PAGE,
Revised NOS Guidelines (PDF),https://tribal.nic.in/Scholarship.aspx/downloads/guidelines/NOS/RevisedGuidelinesNOS07102022.pdf,,FAILED_TO_LOAD_PAGE,
List of provisionally selected candidates for the selection Year 2025-26 under National Overseas Scholarship Scheme,https://tribal.nic.in/Scholarship.aspx/downloads/scholarship/NOS/Listof22CandidatesProvisionallySelectedfor202526NOSScheme.pdf,,FAILED_TO_LOAD_PAGE,
Ministry invites online applications for the National Overseas Scholarship Scheme (NOS) from ST Candidates for the selection year 2025-26,https://tribal.nic.in/Scholarship.aspx/downloads/scholarship/NOS/202505150247488056377Advertisement.pdf,,FAILED_TO_LOAD_PAGE,
"List of provisionally selected PVTG candidates for the award of scholarship under the scheme ""National Overseas Scholarship for ST Students"" for selection year 2023-24.",https://tribal.nic.in/Scholarship.aspx/downloads/scholarship/NOS/NOSPVTGMeritListselectionyear202324.pdf,,FAILED_TO_LOAD_PAGE,
List of 17-provisionally selected candidates for the year 2023-24 under National overseas Scholarship Scheme,https://tribal.nic.in/Scholarship.aspx/downloads/scholarship/NOS/NOSMeritList-17-Candidates-Selectionyear2023-24.pdf,,FAILED_TO_LOAD_PAGE,
"Amended list of provisionally selected candidates for the award of scholarship under the scheme ""National Overseas Scholarship for ST Students"" for selection year 2022-23",https://tribal.gov.in/writereaddata/News/202305121028551627546AmendedlistofprovisionallyselectedcandidateunderNOSselectionyear2022-23.pdf,,FAILED_TO_LOAD_PAGE,
"List of provisionally selected PVTG candidates for the award of scholarship under the scheme ""National Overseas Scholarship for ST Students""  for selection year 2022-23 (PDF)",https://tribal.nic.in/Scholarship.aspx/downloads/scholarship/NOS/ListofProvisinallySelectedPVTGunderNOS2022-23.pdf,,FAILED_TO_LOAD_PAGE,
National Overseas Scholarship FAQs - 2025-26 (PDF),https://tribal.nic.in/Scholarship.aspx/downloads/faqs/FAQs-NOS-2025-26.pdf,,FAILED_TO_LOAD_PAGE,
EDU Post Matric Scholarship PMS for  ST students (PDF),https://tribal.nic.in/Scholarship.aspx/downloads/guidelines/post-matric/EDUPostMatricScholarshipPMSforSTstudents230513.pdf,,FAILED_TO_LOAD_PAGE,
"UIDAI Guidelines on  Aadhaar Act, section 7, 25th Nov 2019",https://tribal.nic.in/Scholarship.aspx/downloads/circulars/UIDAI_Guidelines_on_use_of_Aadhaar__25Nov_19.pdf,,FAILED_TO_LOAD_PAGE,
Guidelines Premateic wef 1.7.2012 (PDF),https://tribal.nic.in/Scholarship.aspx/downloads/guidelines/pre-matric/EDUGuidelines.pdf,,FAILED_TO_LOAD_PAGE,
2018-19 National fellowship & Scholarship result (PDF),https://tribal.nic.in/Scholarship.aspx/downloads/results/2018-19 National fellowship & Scholarship result.pdf,,FAILED_TO_LOAD_PAGE,
Revised List of 246 lnstitutues Eligible for Scholarship under National Fellowship and Scholarship for Higher Education of ST Students (PDF),https://tribal.nic.in/Scholarship.aspx/downloads/guidelines/Top-Class/246RevisedInstitutesListj18.pdf,,FAILED_TO_LOAD_PAGE,
"Amendment to para 3.1 of the scheme ""National Fellowship and Scholarship for Higher Education of ST students"" - coverage of universities/ institutions :12 Nov 2018 (PDF)",https://tribal.nic.in/Scholarship.aspx/downloads/guidelines/Top-Class/Amendmenttopara12112018.pdf,,FAILED_TO_LOAD_PAGE,
"Amendment to para 3.1 of the scheme ""National Fellowship and Scholarship for Higher Education of ST students"" - coverage of universities/ institutions: 27 Aug 2018 (PDF)",https://tribal.nic.in/Scholarship.aspx/downloads/guidelines/Top-Class/Amendmentpara31dated27Aug2018.pdf,,FAILED_TO_LOAD_PAGE,
"Amendment to para 4.1 [Part-B (Scholarship)] of the scheme ""National Fellowship and Scholarship for Higher Education for ST Students"" from 2023-24 (PDF)",https://tribal.nic.in/Scholarship.aspx/downloads/guidelines/NFS/AmendmentGuidelinesNationalfellowsipscholarhsip4highereducaton4STstudents_7July2023.pdf,,FAILED_TO_LOAD_PAGE,
"List of 750 provisionally selected candidates for the year 2022-23 under the scheme of ""National Fellowship and Scholarship for Higher Education of ST Students""  (PDF)",https://tribal.gov.in/writereaddata/News/202306241240047515746listof750provisionallyselectedcandidateNFST-2022-23.pdf,,FAILED_TO_LOAD_PAGE,
Bharat Startup Grand Challenge,https://www.startupindia.gov.in/content/sih/en/bharat-startup-grand-challenge.html,http://www.startupindia.gov.in/content/dam/startupindia/Tax-Playbook-for-Startup-Ecosystem-May-2026.pdf,DOWNLOAD_FAILED: HTTP 403,
Bharat Startup Grand Challenge,https://www.startupindia.gov.in/content/sih/en/bharat-startup-grand-challenge.html,https://www.startupindia.gov.in/content/dam/invest-india/HomePage/Startup-Playbook-Exclusive-Benefits-for-DPIIT-Recognised-Startups-in-India-April-2026.pdf,DOWNLOADED,Scheme_PDFs/Bharat Startup Grand Challenge/Startup-Playbook-Exclusive-Benefits-for-DPIIT-Recognised-Startups-in-India-April-2026.pdf
Bharat Startup Grand Challenge,https://www.startupindia.gov.in/content/sih/en/bharat-startup-grand-challenge.html,https://www.startupindia.gov.in/content/dam/invest-india/Templates/public/Action__Plan.pdf,DOWNLOADED,Scheme_PDFs/Bharat Startup Grand Challenge/Action__Plan.pdf
Bharat Startup Grand Challenge,https://www.startupindia.gov.in/content/sih/en/bharat-startup-grand-challenge.html,https://www.startupindia.gov.in/content/dam/invest-india/Templates/public/Revised%20Guidelines%20for%20recognition.pdf,DOWNLOADED,Scheme_PDFs/Bharat Startup Grand Challenge/Revised_20Guidelines_20for_20recognition.pdf
Bharat Startup Grand Challenge,https://www.startupindia.gov.in/content/sih/en/bharat-startup-grand-challenge.html,https://www.startupindia.gov.in/content/dam/startupindia/Startup-India-Fund-of-Funds-2.0-Scheme.pdf,DOWNLOADED,Scheme_PDFs/Bharat Startup Grand Challenge/Startup-India-Fund-of-Funds-2.0-Scheme.pdf
Bharat Startup Grand Challenge,https://www.startupindia.gov.in/content/sih/en/bharat-startup-grand-challenge.html,https://www.startupindia.gov.in/content/dam/startupindia/homebanners/Startup-Schemes-Playbook-June-2026.pdf,DOWNLOADED,Scheme_PDFs/Bharat Startup Grand Challenge/Startup-Schemes-Playbook-June-2026.pdf
Startups,https://www.startupindia.gov.in/content/sih/en/government-schemes.html,http://www.startupindia.gov.in/content/dam/startupindia/Tax-Playbook-for-Startup-Ecosystem-May-2026.pdf,DOWNLOAD_FAILED: HTTP 403,
Startups,https://www.startupindia.gov.in/content/sih/en/government-schemes.html,https://www.startupindia.gov.in/content/dam/invest-india/HomePage/Startup-Playbook-Exclusive-Benefits-for-DPIIT-Recognised-Startups-in-India-April-2026.pdf,DOWNLOADED,Scheme_PDFs/Startups/Startup-Playbook-Exclusive-Benefits-for-DPIIT-Recognised-Startups-in-India-April-2026.pdf
Startups,https://www.startupindia.gov.in/content/sih/en/government-schemes.html,https://www.startupindia.gov.in/content/dam/invest-india/Templates/public/Action__Plan.pdf,DOWNLOADED,Scheme_PDFs/Startups/Action__Plan.pdf
Startups,https://www.startupindia.gov.in/content/sih/en/government-schemes.html,https://www.startupindia.gov.in/content/dam/invest-india/Templates/public/Draft%20of%20Compendium%20of%20Startup%20Specific%20Initiatives%20(1).pdf,DOWNLOADED,Scheme_PDFs/Startups/Draft_20of_20Compendium_20of_20Startup_20Specific_20Initiatives_20_1_.pdf
Startups,https://www.startupindia.gov.in/content/sih/en/government-schemes.html,https://www.startupindia.gov.in/content/dam/invest-india/Templates/public/Revised%20Guidelines%20for%20recognition.pdf,DOWNLOADED,Scheme_PDFs/Startups/Revised_20Guidelines_20for_20recognition.pdf
Startups,https://www.startupindia.gov.in/content/sih/en/government-schemes.html,https://www.startupindia.gov.in/content/dam/startupindia/Startup-India-Fund-of-Funds-2.0-Scheme.pdf,DOWNLOADED,Scheme_PDFs/Startups/Startup-India-Fund-of-Funds-2.0-Scheme.pdf
Startups,https://www.startupindia.gov.in/content/sih/en/government-schemes.html,https://www.startupindia.gov.in/content/dam/startupindia/homebanners/Startup-Schemes-Playbook-June-2026.pdf,DOWNLOADED,Scheme_PDFs/Startups/Startup-Schemes-Playbook-June-2026.pdf
Self Certification,https://www.startupindia.gov.in/content/sih/en/startupgov/self-certification.html,http://www.startupindia.gov.in/content/dam/startupindia/Tax-Playbook-for-Startup-Ecosystem-May-2026.pdf,DOWNLOAD_FAILED: HTTP 403,
Self Certification,https://www.startupindia.gov.in/content/sih/en/startupgov/self-certification.html,https://www.startupindia.gov.in/content/dam/invest-india/HomePage/Startup-Playbook-Exclusive-Benefits-for-DPIIT-Recognised-Startups-in-India-April-2026.pdf,DOWNLOADED,Scheme_PDFs/Self Certification/Startup-Playbook-Exclusive-Benefits-for-DPIIT-Recognised-Startups-in-India-April-2026.pdf
Self Certification,https://www.startupindia.gov.in/content/sih/en/startupgov/self-certification.html,https://www.startupindia.gov.in/content/dam/invest-india/Templates/public/Action__Plan.pdf,DOWNLOADED,Scheme_PDFs/Self Certification/Action__Plan.pdf
Self Certification,https://www.startupindia.gov.in/content/sih/en/startupgov/self-certification.html,https://www.startupindia.gov.in/content/dam/invest-india/Templates/public/Revised%20Guidelines%20for%20recognition.pdf,DOWNLOADED,Scheme_PDFs/Self Certification/Revised_20Guidelines_20for_20recognition.pdf
Self Certification,https://www.startupindia.gov.in/content/sih/en/startupgov/self-certification.html,https://www.startupindia.gov.in/content/dam/invest-india/Templates/public/notification/notification_Self_certificationformatsforcomplianceundertheLabourLaws.pdf,DOWNLOADED,Scheme_PDFs/Self Certification/notification_Self_certificationformatsforcomplianceundertheLabourLaws.pdf
Self Certification,https://www.startupindia.gov.in/content/sih/en/startupgov/self-certification.html,https://www.startupindia.gov.in/content/dam/startupindia/Startup-India-Fund-of-Funds-2.0-Scheme.pdf,DOWNLOADED,Scheme_PDFs/Self Certification/Startup-India-Fund-of-Funds-2.0-Scheme.pdf
Self Certification,https://www.startupindia.gov.in/content/sih/en/startupgov/self-certification.html,https://www.startupindia.gov.in/content/dam/startupindia/homebanners/Startup-Schemes-Playbook-June-2026.pdf,DOWNLOADED,Scheme_PDFs/Self Certification/Startup-Schemes-Playbook-June-2026.pdf
https://scholarships.gov.in,https://scholarships.gov.in,,FAILED_TO_LOAD_PAGE,
About Startup India,https://www.startupindia.gov.in/content/sih/en/about-startup-india-initiative.html,http://www.startupindia.gov.in/content/dam/startupindia/Tax-Playbook-for-Startup-Ecosystem-May-2026.pdf,DOWNLOAD_FAILED: HTTP 403,
About Startup India,https://www.startupindia.gov.in/content/sih/en/about-startup-india-initiative.html,https://www.startupindia.gov.in/content/dam/invest-india/HomePage/Startup-Playbook-Exclusive-Benefits-for-DPIIT-Recognised-Startups-in-India-April-2026.pdf,DOWNLOADED,Scheme_PDFs/About Startup India/Startup-Playbook-Exclusive-Benefits-for-DPIIT-Recognised-Startups-in-India-April-2026.pdf
About Startup India,https://www.startupindia.gov.in/content/sih/en/about-startup-india-initiative.html,https://www.startupindia.gov.in/content/dam/invest-india/Templates/public/Action%20Plan.pdf,DOWNLOADED,Scheme_PDFs/About Startup India/Action_20Plan.pdf
About Startup India,https://www.startupindia.gov.in/content/sih/en/about-startup-india-initiative.html,https://www.startupindia.gov.in/content/dam/invest-india/Templates/public/Action__Plan.pdf,DOWNLOADED,Scheme_PDFs/About Startup India/Action__Plan.pdf
About Startup India,https://www.startupindia.gov.in/content/sih/en/about-startup-india-initiative.html,https://www.startupindia.gov.in/content/dam/invest-india/Templates/public/Revised%20Guidelines%20for%20recognition.pdf,DOWNLOADED,Scheme_PDFs/About Startup India/Revised_20Guidelines_20for_20recognition.pdf
About Startup India,https://www.startupindia.gov.in/content/sih/en/about-startup-india-initiative.html,https://www.startupindia.gov.in/content/dam/invest-india/Templates/public/SUIKIT.pdf,DOWNLOADED,Scheme_PDFs/About Startup India/SUIKIT.pdf
About Startup India,https://www.startupindia.gov.in/content/sih/en/about-startup-india-initiative.html,https://www.startupindia.gov.in/content/dam/startupindia/Startup-India-Fund-of-Funds-2.0-Scheme.pdf,DOWNLOADED,Scheme_PDFs/About Startup India/Startup-India-Fund-of-Funds-2.0-Scheme.pdf
About Startup India,https://www.startupindia.gov.in/content/sih/en/about-startup-india-initiative.html,https://www.startupindia.gov.in/content/dam/startupindia/homebanners/Startup-Schemes-Playbook-June-2026.pdf,DOWNLOADED,Scheme_PDFs/About Startup India/Startup-Schemes-Playbook-June-2026.pdf
Contact Us,https://www.startupindia.gov.in/content/sih/en/state-startup-policies.html,http://www.startupindia.gov.in/content/dam/startupindia/Tax-Playbook-for-Startup-Ecosystem-May-2026.pdf,DOWNLOAD_FAILED: HTTP 403,
Contact Us,https://www.startupindia.gov.in/content/sih/en/state-startup-policies.html,https://www.startupindia.gov.in/content/dam/invest-india/HomePage/Startup-Playbook-Exclusive-Benefits-for-DPIIT-Recognised-Startups-in-India-April-2026.pdf,DOWNLOADED,Scheme_PDFs/Contact Us/Startup-Playbook-Exclusive-Benefits-for-DPIIT-Recognised-Startups-in-India-April-2026.pdf
Contact Us,https://www.startupindia.gov.in/content/sih/en/state-startup-policies.html,https://www.startupindia.gov.in/content/dam/invest-india/Templates/public/Action__Plan.pdf,DOWNLOADED,Scheme_PDFs/Contact Us/Action__Plan.pdf
Contact Us,https://www.startupindia.gov.in/content/sih/en/state-startup-policies.html,https://www.startupindia.gov.in/content/dam/invest-india/Templates/public/Revised%20Guidelines%20for%20recognition.pdf,DOWNLOADED,Scheme_PDFs/Contact Us/Revised_20Guidelines_20for_20recognition.pdf
Contact Us,https://www.startupindia.gov.in/content/sih/en/state-startup-policies.html,https://www.startupindia.gov.in/content/dam/startupindia/Startup-India-Fund-of-Funds-2.0-Scheme.pdf,DOWNLOADED,Scheme_PDFs/Contact Us/Startup-India-Fund-of-Funds-2.0-Scheme.pdf
Contact Us,https://www.startupindia.gov.in/content/sih/en/state-startup-policies.html,https://www.startupindia.gov.in/content/dam/startupindia/homebanners/Startup-Schemes-Playbook-June-2026.pdf,DOWNLOADED,Scheme_PDFs/Contact Us/Startup-Schemes-Playbook-June-2026.pdf
STARTUP RELATED REGULATIONS AND NOTIFICATIONS,https://www.startupindia.gov.in/content/sih/en/startupgov/regulatory_updates.html,http://www.startupindia.gov.in/content/dam/startupindia/Tax-Playbook-for-Startup-Ecosystem-May-2026.pdf,DOWNLOAD_FAILED: HTTP 403,
STARTUP RELATED REGULATIONS AND NOTIFICATIONS,https://www.startupindia.gov.in/content/sih/en/startupgov/regulatory_updates.html,https://www.startupindia.gov.in/content/dam/invest-india/HomePage/Startup-Playbook-Exclusive-Benefits-for-DPIIT-Recognised-Startups-in-India-April-2026.pdf,DOWNLOADED,Scheme_PDFs/STARTUP RELATED REGULATIONS AND NOTIFICATIONS/Startup-Playbook-Exclusive-Benefits-for-DPIIT-Recognised-Startups-in-India-April-2026.pdf
STARTUP RELATED REGULATIONS AND NOTIFICATIONS,https://www.startupindia.gov.in/content/sih/en/startupgov/regulatory_updates.html,https://www.startupindia.gov.in/content/dam/invest-india/Templates/public/Action__Plan.pdf,DOWNLOADED,Scheme_PDFs/STARTUP RELATED REGULATIONS AND NOTIFICATIONS/Action__Plan.pdf
STARTUP RELATED REGULATIONS AND NOTIFICATIONS,https://www.startupindia.gov.in/content/sih/en/startupgov/regulatory_updates.html,https://www.startupindia.gov.in/content/dam/invest-india/Templates/public/Revised%20Guidelines%20for%20recognition.pdf,DOWNLOADED,Scheme_PDFs/STARTUP RELATED REGULATIONS AND NOTIFICATIONS/Revised_20Guidelines_20for_20recognition.pdf
STARTUP RELATED REGULATIONS AND NOTIFICATIONS,https://www.startupindia.gov.in/content/sih/en/startupgov/regulatory_updates.html,https://www.startupindia.gov.in/content/dam/startupindia/Startup-India-Fund-of-Funds-2.0-Scheme.pdf,DOWNLOADED,Scheme_PDFs/STARTUP RELATED REGULATIONS AND NOTIFICATIONS/Startup-India-Fund-of-Funds-2.0-Scheme.pdf
STARTUP RELATED REGULATIONS AND NOTIFICATIONS,https://www.startupindia.gov.in/content/sih/en/startupgov/regulatory_updates.html,https://www.startupindia.gov.in/content/dam/startupindia/homebanners/Startup-Schemes-Playbook-June-2026.pdf,DOWNLOADED,Scheme_PDFs/STARTUP RELATED REGULATIONS AND NOTIFICATIONS/Startup-Schemes-Playbook-June-2026.pdf
BHASKARCommunity,https://www.startupindia.gov.in/bhaskar,,NO_PDF_FOUND,
Scholarship Application Status,https://sje.rajasthan.gov.in/#,https://sje.rajasthan.gov.in/siteadmin/Uploads/202402061153162134.pdf,DOWNLOADED,Scheme_PDFs/Scholarship Application Status/202402061153162134.pdf
Scholarship Application Status,https://sje.rajasthan.gov.in/#,https://sje.rajasthan.gov.in/siteadmin/Uploads/202402061159256361.pdf,DOWNLOADED,Scheme_PDFs/Scholarship Application Status/202402061159256361.pdf
Scholarship Application Status,https://sje.rajasthan.gov.in/#,https://sje.rajasthan.gov.in/siteadmin/Uploads/202402141705438796.pdf,DOWNLOADED,Scheme_PDFs/Scholarship Application Status/202402141705438796.pdf
Scholarship Application Status,https://sje.rajasthan.gov.in/#,https://sje.rajasthan.gov.in/siteadmin/Uploads/202402141706579922.pdf,DOWNLOADED,Scheme_PDFs/Scholarship Application Status/202402141706579922.pdf
Scholarship Application Status,https://sje.rajasthan.gov.in/#,https://sje.rajasthan.gov.in/siteadmin/Uploads/202402151532385405.pdf,DOWNLOADED,Scheme_PDFs/Scholarship Application Status/202402151532385405.pdf
Scholarship Application Status,https://sje.rajasthan.gov.in/#,https://sje.rajasthan.gov.in/siteadmin/Uploads/202402191205395916.pdf,DOWNLOADED,Scheme_PDFs/Scholarship Application Status/202402191205395916.pdf
Scholarship Application Status,https://sje.rajasthan.gov.in/#,https://sje.rajasthan.gov.in/siteadmin/Uploads/202402191521248425.pdf,DOWNLOADED,Scheme_PDFs/Scholarship Application Status/202402191521248425.pdf
Scholarship Application Status,https://sje.rajasthan.gov.in/#,https://sje.rajasthan.gov.in/siteadmin/Uploads/202402191524209649.pdf,DOWNLOADED,Scheme_PDFs/Scholarship Application Status/202402191524209649.pdf
Scholarship Application Status,https://sje.rajasthan.gov.in/#,https://sje.rajasthan.gov.in/siteadmin/Uploads/202402211659500454.pdf,DOWNLOADED,Scheme_PDFs/Scholarship Application Status/202402211659500454.pdf
Scholarship Application Status,https://sje.rajasthan.gov.in/#,https://sje.rajasthan.gov.in/siteadmin/Uploads/202402211703381004.pdf,DOWNLOADED,Scheme_PDFs/Scholarship Application Status/202402211703381004.pdf
Scholarship Application Status,https://sje.rajasthan.gov.in/#,https://sje.rajasthan.gov.in/siteadmin/Uploads/202406271148090737.pdf,DOWNLOADED,Scheme_PDFs/Scholarship Application Status/202406271148090737.pdf
Scholarship Application Status,https://sje.rajasthan.gov.in/#,https://sje.rajasthan.gov.in/siteadmin/Uploads/202606291109342024.pdf,DOWNLOADED,Scheme_PDFs/Scholarship Application Status/202606291109342024.pdf
Scholarship Application Status,https://sje.rajasthan.gov.in/#,https://sje.rajasthan.gov.in/siteadmin/Uploads/202607071639230213.pdf,DOWNLOADED,Scheme_PDFs/Scholarship Application Status/202607071639230213.pdf
Scholarship Application Status,https://sje.rajasthan.gov.in/#,https://sje.rajasthan.gov.in/siteadmin/Uploads/202607081707099092.pdf,DOWNLOADED,Scheme_PDFs/Scholarship Application Status/202607081707099092.pdf
Scholarship Application Status,https://sje.rajasthan.gov.in/#,https://sje.rajasthan.gov.in/siteadmin/Uploads/202607131625194312.pdf,DOWNLOADED,Scheme_PDFs/Scholarship Application Status/202607131625194312.pdf
Scholarship Application Status,https://sje.rajasthan.gov.in/#,https://sje.rajasthan.gov.in/siteadmin/Uploads/202607141152295253.pdf,DOWNLOADED,Scheme_PDFs/Scholarship Application Status/202607141152295253.pdf
Scholarship Application Status,https://sje.rajasthan.gov.in/#,https://sje.rajasthan.gov.in/siteadmin/Uploads/202607141159315522.pdf,DOWNLOADED,Scheme_PDFs/Scholarship Application Status/202607141159315522.pdf
Scholarship Application Status,https://sje.rajasthan.gov.in/#,https://sje.rajasthan.gov.in/siteadmin/Uploads/202607141646404504.pdf,DOWNLOADED,Scheme_PDFs/Scholarship Application Status/202607141646404504.pdf
Scholarship Application Status,https://sje.rajasthan.gov.in/#,https://sje.rajasthan.gov.in/siteadmin/Uploads/202607161201598561.pdf,DOWNLOADED,Scheme_PDFs/Scholarship Application Status/202607161201598561.pdf
Scholarship Application Status,https://sje.rajasthan.gov.in/#,https://sje.rajasthan.gov.in/siteadmin/Uploads/202607211305496620.pdf,DOWNLOADED,Scheme_PDFs/Scholarship Application Status/202607211305496620.pdf
Scholarship Application Status,https://sje.rajasthan.gov.in/#,https://sje.rajasthan.gov.in/siteadmin/Uploads/202607221335324586.pdf,DOWNLOADED,Scheme_PDFs/Scholarship Application Status/202607221335324586.pdf
DPIIT Startup Recognition& Tax Exemption,https://www.startupindia.gov.in/content/sih/en/startupgov/startup_recognition_page.html,http://dipp.nic.in/sites/default/files/Startup_Notification11April2018_0.pdf,"DOWNLOAD_FAILED: HTTPConnectionPool(host='dipp.nic.in', port=80): Max retries exceeded with url: /sites/default/files/Startup_Notification11April2018_0.pdf (Caused by NameResolutionError(""<urllib3.connection.HTTPConnection object at 0x7868f21ef6e0>: Failed to resolve 'dipp.nic.in' ([Errno -2] Name or service not known)""))",
DPIIT Startup Recognition& Tax Exemption,https://www.startupindia.gov.in/content/sih/en/startupgov/startup_recognition_page.html,http://www.startupindia.gov.in/content/dam/startupindia/Tax-Playbook-for-Startup-Ecosystem-May-2026.pdf,DOWNLOAD_FAILED: HTTP 403,
DPIIT Startup Recognition& Tax Exemption,https://www.startupindia.gov.in/content/sih/en/startupgov/startup_recognition_page.html,https://www.startupindia.gov.in/content/dam/invest-india/HomePage/Startup-Playbook-Exclusive-Benefits-for-DPIIT-Recognised-Startups-in-India-April-2026.pdf,DOWNLOADED,Scheme_PDFs/DPIIT Startup Recognition_ Tax Exemption/Startup-Playbook-Exclusive-Benefits-for-DPIIT-Recognised-Startups-in-India-April-2026.pdf
DPIIT Startup Recognition& Tax Exemption,https://www.startupindia.gov.in/content/sih/en/startupgov/startup_recognition_page.html,https://www.startupindia.gov.in/content/dam/invest-india/NSWS%20Startup%20Application%20Guide.pdf,DOWNLOADED,Scheme_PDFs/DPIIT Startup Recognition_ Tax Exemption/NSWS_20Startup_20Application_20Guide.pdf
DPIIT Startup Recognition& Tax Exemption,https://www.startupindia.gov.in/content/sih/en/startupgov/startup_recognition_page.html,https://www.startupindia.gov.in/content/dam/invest-india/Templates/public/Action__Plan.pdf,DOWNLOADED,Scheme_PDFs/DPIIT Startup Recognition_ Tax Exemption/Action__Plan.pdf
DPIIT Startup Recognition& Tax Exemption,https://www.startupindia.gov.in/content/sih/en/startupgov/startup_recognition_page.html,https://www.startupindia.gov.in/content/dam/invest-india/Templates/public/Gazette_060226.pdf,DOWNLOADED,Scheme_PDFs/DPIIT Startup Recognition_ Tax Exemption/Gazette_060226.pdf
DPIIT Startup Recognition& Tax Exemption,https://www.startupindia.gov.in/content/sih/en/startupgov/startup_recognition_page.html,https://www.startupindia.gov.in/content/dam/invest-india/Templates/public/Revised%20Guidelines%20for%20recognition.pdf,DOWNLOADED,Scheme_PDFs/DPIIT Startup Recognition_ Tax Exemption/Revised_20Guidelines_20for_20recognition.pdf
DPIIT Startup Recognition& Tax Exemption,https://www.startupindia.gov.in/content/sih/en/startupgov/startup_recognition_page.html,https://www.startupindia.gov.in/content/dam/invest-india/recognition/userguide.pdf,DOWNLOADED,Scheme_PDFs/DPIIT Startup Recognition_ Tax Exemption/userguide.pdf
DPIIT Startup Recognition& Tax Exemption,https://www.startupindia.gov.in/content/sih/en/startupgov/startup_recognition_page.html,https://www.startupindia.gov.in/content/dam/startupindia/Startup-India-Fund-of-Funds-2.0-Scheme.pdf,DOWNLOADED,Scheme_PDFs/DPIIT Startup Recognition_ Tax Exemption/Startup-India-Fund-of-Funds-2.0-Scheme.pdf
DPIIT Startup Recognition& Tax Exemption,https://www.startupindia.gov.in/content/sih/en/startupgov/startup_recognition_page.html,https://www.startupindia.gov.in/content/dam/startupindia/homebanners/Startup-Schemes-Playbook-June-2026.pdf,DOWNLOADED,Scheme_PDFs/DPIIT Startup Recognition_ Tax Exemption/Startup-Schemes-Playbook-June-2026.pdf
Join MY Bharat,https://www.startupindia.gov.in/content/sih/en/startupindia-mybharat.html,http://www.startupindia.gov.in/content/dam/startupindia/Tax-Playbook-for-Startup-Ecosystem-May-2026.pdf,DOWNLOAD_FAILED: HTTP 403,
Join MY Bharat,https://www.startupindia.gov.in/content/sih/en/startupindia-mybharat.html,https://www.startupindia.gov.in/content/dam/invest-india/HomePage/Startup-Playbook-Exclusive-Benefits-for-DPIIT-Recognised-Startups-in-India-April-2026.pdf,DOWNLOADED,Scheme_PDFs/Join MY Bharat/Startup-Playbook-Exclusive-Benefits-for-DPIIT-Recognised-Startups-in-India-April-2026.pdf
Join MY Bharat,https://www.startupindia.gov.in/content/sih/en/startupindia-mybharat.html,https://www.startupindia.gov.in/content/dam/invest-india/Templates/public/Action__Plan.pdf,DOWNLOADED,Scheme_PDFs/Join MY Bharat/Action__Plan.pdf
Join MY Bharat,https://www.startupindia.gov.in/content/sih/en/startupindia-mybharat.html,https://www.startupindia.gov.in/content/dam/invest-india/Templates/public/Revised%20Guidelines%20for%20recognition.pdf,DOWNLOADED,Scheme_PDFs/Join MY Bharat/Revised_20Guidelines_20for_20recognition.pdf
Join MY Bharat,https://www.startupindia.gov.in/content/sih/en/startupindia-mybharat.html,https://www.startupindia.gov.in/content/dam/startupindia/Startup-India-Fund-of-Funds-2.0-Scheme.pdf,DOWNLOADED,Scheme_PDFs/Join MY Bharat/Startup-India-Fund-of-Funds-2.0-Scheme.pdf
Join MY Bharat,https://www.startupindia.gov.in/content/sih/en/startupindia-mybharat.html,https://www.startupindia.gov.in/content/dam/startupindia/homebanners/Startup-Schemes-Playbook-June-2026.pdf,DOWNLOADED,Scheme_PDFs/Join MY Bharat/Startup-Schemes-Playbook-June-2026.pdf
Main navigation,https://www.startupindia.gov.in/sih/partnership-with-us,https://sih-drupal-prod.s3.ap-south-1.amazonaws.com/s3fs-public/2024-03/Program_Creation_Guide_Jul%2720.pdf,DOWNLOADED,Scheme_PDFs/Main navigation/Program_Creation_Guide_Jul_2720.pdf
Main navigation,https://www.startupindia.gov.in/sih/partnership-with-us,https://sih-drupal-prod.s3.ap-south-1.amazonaws.com/s3fs-public/2024-03/SoftBank_Case%20Study.pdf,DOWNLOADED,Scheme_PDFs/Main navigation/SoftBank_Case_20Study.pdf
Main navigation,https://www.startupindia.gov.in/sih/partnership-with-us,https://sih-drupal-prod.s3.ap-south-1.amazonaws.com/s3fs-public/2024-03/Western%20Digital_Case%20Study_0.pdf,DOWNLOADED,Scheme_PDFs/Main navigation/Western_20Digital_Case_20Study_0.pdf
Main navigation,https://www.startupindia.gov.in/sih/partnership-with-us,https://sih-drupal-prod.s3.ap-south-1.amazonaws.com/s3fs-public/2024-03/Whatsapp%20Grand%20Challenge_Case%20Study.pdf,DOWNLOADED,Scheme_PDFs/Main navigation/Whatsapp_20Grand_20Challenge_Case_20Study.pdf
Main navigation,https://www.startupindia.gov.in/sih/partnership-with-us,https://www.startupindia.gov.in/content/dam/invest-india/Market-Research/framework-for-Startups.pdf,DOWNLOAD_FAILED: HTTP 404,
Main navigation,https://www.startupindia.gov.in/sih/partnership-with-us,https://www.startupindia.gov.in/content/dam/invest-india/Templates/public/5_years_Achievement_report%20_%20final%20(1).pdf,DOWNLOADED,Scheme_PDFs/Main navigation/5_years_Achievement_report_20__20final_20_1_.pdf
Main navigation,https://www.startupindia.gov.in/sih/partnership-with-us,https://www.startupindia.gov.in/content/dam/invest-india/Templates/public/Action__Plan.pdf,DOWNLOADED,Scheme_PDFs/Main navigation/Action__Plan.pdf
Main navigation,https://www.startupindia.gov.in/sih/partnership-with-us,https://www.startupindia.gov.in/content/dam/invest-india/Templates/public/Revised%20Guidelines%20for%20recognition.pdf,DOWNLOADED,Scheme_PDFs/Main navigation/Revised_20Guidelines_20for_20recognition.pdf
Main navigation,https://www.startupindia.gov.in/sih/partnership-with-us,https://www.startupindia.gov.in/content/dam/invest-india/Templates/public/Startup_India-Way_Ahead.pdf,DOWNLOADED,Scheme_PDFs/Main navigation/Startup_India-Way_Ahead.pdf
Startup India,https://www.startupindia.gov.in/,http://www.startupindia.gov.in/content/dam/startupindia/Tax-Playbook-for-Startup-Ecosystem-May-2026.pdf,DOWNLOAD_FAILED: HTTP 403,
Startup India,https://www.startupindia.gov.in/,https://www.startupindia.gov.in/content/dam/invest-india/HomePage/Startup-Playbook-Exclusive-Benefits-for-DPIIT-Recognised-Startups-in-India-April-2026.pdf,DOWNLOADED,Scheme_PDFs/Startup India/Startup-Playbook-Exclusive-Benefits-for-DPIIT-Recognised-Startups-in-India-April-2026.pdf
Startup India,https://www.startupindia.gov.in/,https://www.startupindia.gov.in/content/dam/invest-india/Templates/public/Action__Plan.pdf,DOWNLOADED,Scheme_PDFs/Startup India/Action__Plan.pdf
Startup India,https://www.startupindia.gov.in/,https://www.startupindia.gov.in/content/dam/invest-india/Templates/public/Revised%20Guidelines%20for%20recognition.pdf,DOWNLOADED,Scheme_PDFs/Startup India/Revised_20Guidelines_20for_20recognition.pdf
Startup India,https://www.startupindia.gov.in/,https://www.startupindia.gov.in/content/dam/startupindia/Startup-India-Fund-of-Funds-2.0-Scheme.pdf,DOWNLOADED,Scheme_PDFs/Startup India/Startup-India-Fund-of-Funds-2.0-Scheme.pdf
Startup India,https://www.startupindia.gov.in/,https://www.startupindia.gov.in/content/dam/startupindia/homebanners/Startup-Schemes-Playbook-June-2026.pdf,DOWNLOADED,Scheme_PDFs/Startup India/Startup-Schemes-Playbook-June-2026.pdf
National Startup Day 2026,https://www.startupindia.gov.in/national-startup-day-2026/,,NO_PDF_FOUND,
Contact Us,https://www.startupindia.gov.in/content/sih/en/startupgov/validate-startup-recognition.html,http://www.startupindia.gov.in/content/dam/startupindia/Tax-Playbook-for-Startup-Ecosystem-May-2026.pdf,DOWNLOAD_FAILED: HTTP 403,
Contact Us,https://www.startupindia.gov.in/content/sih/en/startupgov/validate-startup-recognition.html,https://www.startupindia.gov.in/content/dam/invest-india/HomePage/Startup-Playbook-Exclusive-Benefits-for-DPIIT-Recognised-Startups-in-India-April-2026.pdf,DOWNLOADED,Scheme_PDFs/Contact Us/Startup-Playbook-Exclusive-Benefits-for-DPIIT-Recognised-Startups-in-India-April-2026_1.pdf
Contact Us,https://www.startupindia.gov.in/content/sih/en/startupgov/validate-startup-recognition.html,https://www.startupindia.gov.in/content/dam/invest-india/SUi%20DigiLocker.pdf,DOWNLOAD_FAILED: HTTP 404,
Contact Us,https://www.startupindia.gov.in/content/sih/en/startupgov/validate-startup-recognition.html,https://www.startupindia.gov.in/content/dam/invest-india/Templates/public/Action__Plan.pdf,DOWNLOADED,Scheme_PDFs/Contact Us/Action__Plan_1.pdf
Contact Us,https://www.startupindia.gov.in/content/sih/en/startupgov/validate-startup-recognition.html,https://www.startupindia.gov.in/content/dam/invest-india/Templates/public/Revised%20Guidelines%20for%20recognition.pdf,DOWNLOADED,Scheme_PDFs/Contact Us/Revised_20Guidelines_20for_20recognition_1.pdf
Contact Us,https://www.startupindia.gov.in/content/sih/en/startupgov/validate-startup-recognition.html,https://www.startupindia.gov.in/content/dam/invest-india/User-Manual-for-Editing-Recognition-Certificates.pdf,DOWNLOADED,Scheme_PDFs/Contact Us/User-Manual-for-Editing-Recognition-Certificates.pdf
Contact Us,https://www.startupindia.gov.in/content/sih/en/startupgov/validate-startup-recognition.html,https://www.startupindia.gov.in/content/dam/startupindia/Startup-India-Fund-of-Funds-2.0-Scheme.pdf,DOWNLOADED,Scheme_PDFs/Contact Us/Startup-India-Fund-of-Funds-2.0-Scheme_1.pdf
Contact Us,https://www.startupindia.gov.in/content/sih/en/startupgov/validate-startup-recognition.html,https://www.startupindia.gov.in/content/dam/startupindia/Verify-Rec-Mapping/Guide-for-User-Side-Recognition-22nd-April-2026.pdf,DOWNLOADED,Scheme_PDFs/Contact Us/Guide-for-User-Side-Recognition-22nd-April-2026.pdf
Contact Us,https://www.startupindia.gov.in/content/sih/en/startupgov/validate-startup-recognition.html,https://www.startupindia.gov.in/content/dam/startupindia/homebanners/Startup-Schemes-Playbook-June-2026.pdf,DOWNLOADED,Scheme_PDFs/Contact Us/Startup-Schemes-Playbook-June-2026_1.pdf
Credit GUARANTEE SCHEME FOR STARTUPS,https://www.startupindia.gov.in/content/sih/en/credit-guarantee-scheme-for-startups.html,http://www.startupindia.gov.in/content/dam/startupindia/Tax-Playbook-for-Startup-Ecosystem-May-2026.pdf,DOWNLOAD_FAILED: HTTP 403,
Credit GUARANTEE SCHEME FOR STARTUPS,https://www.startupindia.gov.in/content/sih/en/credit-guarantee-scheme-for-startups.html,https://www.startupindia.gov.in/content/dam/invest-india/HomePage/Startup-Playbook-Exclusive-Benefits-for-DPIIT-Recognised-Startups-in-India-April-2026.pdf,DOWNLOADED,Scheme_PDFs/Credit GUARANTEE SCHEME FOR STARTUPS/Startup-Playbook-Exclusive-Benefits-for-DPIIT-Recognised-Startups-in-India-April-2026.pdf
Credit GUARANTEE SCHEME FOR STARTUPS,https://www.startupindia.gov.in/content/sih/en/credit-guarantee-scheme-for-startups.html,https://www.startupindia.gov.in/content/dam/invest-india/PGF/credit-guarantee-scheme-for-startup.pdf,DOWNLOADED,Scheme_PDFs/Credit GUARANTEE SCHEME FOR STARTUPS/credit-guarantee-scheme-for-startup.pdf
Credit GUARANTEE SCHEME FOR STARTUPS,https://www.startupindia.gov.in/content/sih/en/credit-guarantee-scheme-for-startups.html,https://www.startupindia.gov.in/content/dam/invest-india/Templates/public/Action__Plan.pdf,DOWNLOADED,Scheme_PDFs/Credit GUARANTEE SCHEME FOR STARTUPS/Action__Plan.pdf
Credit GUARANTEE SCHEME FOR STARTUPS,https://www.startupindia.gov.in/content/sih/en/credit-guarantee-scheme-for-startups.html,https://www.startupindia.gov.in/content/dam/invest-india/Templates/public/Revised%20Guidelines%20for%20recognition.pdf,DOWNLOADED,Scheme_PDFs/Credit GUARANTEE SCHEME FOR STARTUPS/Revised_20Guidelines_20for_20recognition.pdf
Credit GUARANTEE SCHEME FOR STARTUPS,https://www.startupindia.gov.in/content/sih/en/credit-guarantee-scheme-for-startups.html,https://www.startupindia.gov.in/content/dam/startupindia/Startup-India-Fund-of-Funds-2.0-Scheme.pdf,DOWNLOADED,Scheme_PDFs/Credit GUARANTEE SCHEME FOR STARTUPS/Startup-India-Fund-of-Funds-2.0-Scheme.pdf
Credit GUARANTEE SCHEME FOR STARTUPS,https://www.startupindia.gov.in/content/sih/en/credit-guarantee-scheme-for-startups.html,https://www.startupindia.gov.in/content/dam/startupindia/homebanners/Member_Institutions_on_Jan_Samarth_Portal.pdf,DOWNLOADED,Scheme_PDFs/Credit GUARANTEE SCHEME FOR STARTUPS/Member_Institutions_on_Jan_Samarth_Portal.pdf
Credit GUARANTEE SCHEME FOR STARTUPS,https://www.startupindia.gov.in/content/sih/en/credit-guarantee-scheme-for-startups.html,https://www.startupindia.gov.in/content/dam/startupindia/homebanners/Startup-Schemes-Playbook-June-2026.pdf,DOWNLOADED,Scheme_PDFs/Credit GUARANTEE SCHEME FOR STARTUPS/Startup-Schemes-Playbook-June-2026.pdf
About Schemes,https://sje.rajasthan.gov.in/Default.aspx?PageID=3453,https://sje.rajasthan.gov.in/siteadmin/Uploads/202402061153162134.pdf,DOWNLOADED,Scheme_PDFs/About Schemes/202402061153162134.pdf
About Schemes,https://sje.rajasthan.gov.in/Default.aspx?PageID=3453,https://sje.rajasthan.gov.in/siteadmin/Uploads/202402061153483977.pdf,DOWNLOADED,Scheme_PDFs/About Schemes/202402061153483977.pdf
About Schemes,https://sje.rajasthan.gov.in/Default.aspx?PageID=3453,https://sje.rajasthan.gov.in/siteadmin/Uploads/202402061159256361.pdf,DOWNLOADED,Scheme_PDFs/About Schemes/202402061159256361.pdf
About Schemes,https://sje.rajasthan.gov.in/Default.aspx?PageID=3453,https://sje.rajasthan.gov.in/siteadmin/Uploads/202402141705438796.pdf,DOWNLOADED,Scheme_PDFs/About Schemes/202402141705438796.pdf
About Schemes,https://sje.rajasthan.gov.in/Default.aspx?PageID=3453,https://sje.rajasthan.gov.in/siteadmin/Uploads/202402141706355388.pdf,DOWNLOADED,Scheme_PDFs/About Schemes/202402141706355388.pdf
About Schemes,https://sje.rajasthan.gov.in/Default.aspx?PageID=3453,https://sje.rajasthan.gov.in/siteadmin/Uploads/202402141706579922.pdf,DOWNLOADED,Scheme_PDFs/About Schemes/202402141706579922.pdf
About Schemes,https://sje.rajasthan.gov.in/Default.aspx?PageID=3453,https://sje.rajasthan.gov.in/siteadmin/Uploads/202402141707287261.pdf,DOWNLOADED,Scheme_PDFs/About Schemes/202402141707287261.pdf
About Schemes,https://sje.rajasthan.gov.in/Default.aspx?PageID=3453,https://sje.rajasthan.gov.in/siteadmin/Uploads/202402151518206193.pdf,DOWNLOADED,Scheme_PDFs/About Schemes/202402151518206193.pdf
About Schemes,https://sje.rajasthan.gov.in/Default.aspx?PageID=3453,https://sje.rajasthan.gov.in/siteadmin/Uploads/202402151532385405.pdf,DOWNLOADED,Scheme_PDFs/About Schemes/202402151532385405.pdf
About Schemes,https://sje.rajasthan.gov.in/Default.aspx?PageID=3453,https://sje.rajasthan.gov.in/siteadmin/Uploads/202402191205395916.pdf,DOWNLOADED,Scheme_PDFs/About Schemes/202402191205395916.pdf
About Schemes,https://sje.rajasthan.gov.in/Default.aspx?PageID=3453,https://sje.rajasthan.gov.in/siteadmin/Uploads/202402191514560241.pdf,DOWNLOADED,Scheme_PDFs/About Schemes/202402191514560241.pdf
About Schemes,https://sje.rajasthan.gov.in/Default.aspx?PageID=3453,https://sje.rajasthan.gov.in/siteadmin/Uploads/202402191517246413.pdf,DOWNLOADED,Scheme_PDFs/About Schemes/202402191517246413.pdf
About Schemes,https://sje.rajasthan.gov.in/Default.aspx?PageID=3453,https://sje.rajasthan.gov.in/siteadmin/Uploads/202402191520050796.pdf,DOWNLOADED,Scheme_PDFs/About Schemes/202402191520050796.pdf
About Schemes,https://sje.rajasthan.gov.in/Default.aspx?PageID=3453,https://sje.rajasthan.gov.in/siteadmin/Uploads/202402191521248425.pdf,DOWNLOADED,Scheme_PDFs/About Schemes/202402191521248425.pdf
About Schemes,https://sje.rajasthan.gov.in/Default.aspx?PageID=3453,https://sje.rajasthan.gov.in/siteadmin/Uploads/202402191522541342.pdf,DOWNLOADED,Scheme_PDFs/About Schemes/202402191522541342.pdf
About Schemes,https://sje.rajasthan.gov.in/Default.aspx?PageID=3453,https://sje.rajasthan.gov.in/siteadmin/Uploads/202402191524209649.pdf,DOWNLOADED,Scheme_PDFs/About Schemes/202402191524209649.pdf
About Schemes,https://sje.rajasthan.gov.in/Default.aspx?PageID=3453,https://sje.rajasthan.gov.in/siteadmin/Uploads/202402211659500454.pdf,DOWNLOADED,Scheme_PDFs/About Schemes/202402211659500454.pdf
About Schemes,https://sje.rajasthan.gov.in/Default.aspx?PageID=3453,https://sje.rajasthan.gov.in/siteadmin/Uploads/202402211701305969.pdf,DOWNLOADED,Scheme_PDFs/About Schemes/202402211701305969.pdf
About Schemes,https://sje.rajasthan.gov.in/Default.aspx?PageID=3453,https://sje.rajasthan.gov.in/siteadmin/Uploads/202402211702416098.pdf,DOWNLOADED,Scheme_PDFs/About Schemes/202402211702416098.pdf
About Schemes,https://sje.rajasthan.gov.in/Default.aspx?PageID=3453,https://sje.rajasthan.gov.in/siteadmin/Uploads/202402211703381004.pdf,DOWNLOADED,Scheme_PDFs/About Schemes/202402211703381004.pdf
About Schemes,https://sje.rajasthan.gov.in/Default.aspx?PageID=3453,https://sje.rajasthan.gov.in/siteadmin/Uploads/202406271148090737.pdf,DOWNLOADED,Scheme_PDFs/About Schemes/202406271148090737.pdf
Contact Us,https://www.startupindia.gov.in/content/sih/en/reources/startup_india_notes.html,http://www.startupindia.gov.in/content/dam/startupindia/Tax-Playbook-for-Startup-Ecosystem-May-2026.pdf,DOWNLOAD_FAILED: HTTP 403,
Contact Us,https://www.startupindia.gov.in/content/sih/en/reources/startup_india_notes.html,https://www.startupindia.gov.in/content/dam/invest-india/HomePage/Startup-Playbook-Exclusive-Benefits-for-DPIIT-Recognised-Startups-in-India-April-2026.pdf,DOWNLOADED,Scheme_PDFs/Contact Us/Startup-Playbook-Exclusive-Benefits-for-DPIIT-Recognised-Startups-in-India-April-2026_2.pdf
Contact Us,https://www.startupindia.gov.in/content/sih/en/reources/startup_india_notes.html,https://www.startupindia.gov.in/content/dam/invest-india/Templates/public/Action__Plan.pdf,DOWNLOADED,Scheme_PDFs/Contact Us/Action__Plan_2.pdf
Contact Us,https://www.startupindia.gov.in/content/sih/en/reources/startup_india_notes.html,https://www.startupindia.gov.in/content/dam/invest-india/Templates/public/Revised%20Guidelines%20for%20recognition.pdf,DOWNLOADED,Scheme_PDFs/Contact Us/Revised_20Guidelines_20for_20recognition_2.pdf
Contact Us,https://www.startupindia.gov.in/content/sih/en/reources/startup_india_notes.html,https://www.startupindia.gov.in/content/dam/startupindia/Startup-India-Fund-of-Funds-2.0-Scheme.pdf,DOWNLOADED,Scheme_PDFs/Contact Us/Startup-India-Fund-of-Funds-2.0-Scheme_2.pdf
Contact Us,https://www.startupindia.gov.in/content/sih/en/reources/startup_india_notes.html,https://www.startupindia.gov.in/content/dam/startupindia/homebanners/Startup-Schemes-Playbook-June-2026.pdf,DOWNLOADED,Scheme_PDFs/Contact Us/Startup-Schemes-Playbook-June-2026_2.pdf
DPIIT Recognition,https://www.startupindia.gov.in/content/sih/en/startup-scheme.html,http://www.ipindia.nic.in/writereaddata/Portal/Images/pdf/Final_FREQUENTLY_ASKED_QUESTIONS_-PATENT.pdf,"DOWNLOAD_FAILED: HTTPConnectionPool(host='www.ipindia.nic.in', port=80): Max retries exceeded with url: /writereaddata/Portal/Images/pdf/Final_FREQUENTLY_ASKED_QUESTIONS_-PATENT.pdf (Caused by NameResolutionError(""<urllib3.connection.HTTPConnection object at 0x7868f24612b0>: Failed to resolve 'www.ipindia.nic.in' ([Errno -2] Name or service not known)""))",
DPIIT Recognition,https://www.startupindia.gov.in/content/sih/en/startup-scheme.html,http://www.startupindia.gov.in/content/dam/startupindia/Tax-Playbook-for-Startup-Ecosystem-May-2026.pdf,DOWNLOAD_FAILED: HTTP 403,
DPIIT Recognition,https://www.startupindia.gov.in/content/sih/en/startup-scheme.html,https://www.startupindia.gov.in/content/dam/invest-india/HomePage/Startup-Playbook-Exclusive-Benefits-for-DPIIT-Recognised-Startups-in-India-April-2026.pdf,DOWNLOADED,Scheme_PDFs/DPIIT Recognition/Startup-Playbook-Exclusive-Benefits-for-DPIIT-Recognised-Startups-in-India-April-2026.pdf
DPIIT Recognition,https://www.startupindia.gov.in/content/sih/en/startup-scheme.html,https://www.startupindia.gov.in/content/dam/invest-india/SUi-DigiLocker.pdf,DOWNLOADED,Scheme_PDFs/DPIIT Recognition/SUi-DigiLocker.pdf
DPIIT Recognition,https://www.startupindia.gov.in/content/sih/en/startup-scheme.html,https://www.startupindia.gov.in/content/dam/invest-india/States-images/Metadata-NMDS-Startup-India.pdf,DOWNLOADED,Scheme_PDFs/DPIIT Recognition/Metadata-NMDS-Startup-India.pdf
DPIIT Recognition,https://www.startupindia.gov.in/content/sih/en/startup-scheme.html,https://www.startupindia.gov.in/content/dam/invest-india/Templates/public/198117.pdf,DOWNLOADED,Scheme_PDFs/DPIIT Recognition/198117.pdf
DPIIT Recognition,https://www.startupindia.gov.in/content/sih/en/startup-scheme.html,https://www.startupindia.gov.in/content/dam/invest-india/Templates/public/80-IAC%201173%20Beneficiary%20Data_05.04.2023_Till%2072nd%20IMB.pdf,DOWNLOADED,Scheme_PDFs/DPIIT Recognition/80-IAC_201173_20Beneficiary_20Data_05.04.2023_Till_2072nd_20IMB.pdf
DPIIT Recognition,https://www.startupindia.gov.in/content/sih/en/startup-scheme.html,https://www.startupindia.gov.in/content/dam/invest-india/Templates/public/Action%20Plan.pdf,DOWNLOADED,Scheme_PDFs/DPIIT Recognition/Action_20Plan.pdf
DPIIT Recognition,https://www.startupindia.gov.in/content/sih/en/startup-scheme.html,https://www.startupindia.gov.in/content/dam/invest-india/Templates/public/Action__Plan.pdf,DOWNLOADED,Scheme_PDFs/DPIIT Recognition/Action__Plan.pdf
DPIIT Recognition,https://www.startupindia.gov.in/content/sih/en/startup-scheme.html,https://www.startupindia.gov.in/content/dam/invest-india/Templates/public/Revised%20Guidelines%20for%20recognition.pdf,DOWNLOADED,Scheme_PDFs/DPIIT Recognition/Revised_20Guidelines_20for_20recognition.pdf
DPIIT Recognition,https://www.startupindia.gov.in/content/sih/en/startup-scheme.html,https://www.startupindia.gov.in/content/dam/invest-india/Templates/public/notification/Relaxed_Norms_of_Public_Procurement_for_Startups/1.%20Relaxed_Norms_of_Public_Procurement_for_Startups.pdf,DOWNLOADED,Scheme_PDFs/DPIIT Recognition/1._20Relaxed_Norms_of_Public_Procurement_for_Startups.pdf
DPIIT Recognition,https://www.startupindia.gov.in/content/sih/en/startup-scheme.html,https://www.startupindia.gov.in/content/dam/invest-india/Templates/public/notification/Relaxed_Norms_of_Public_Procurement_for_Startups/2.%20Notification_EMDExemption.pdf,DOWNLOADED,Scheme_PDFs/DPIIT Recognition/2._20Notification_EMDExemption.pdf
DPIIT Recognition,https://www.startupindia.gov.in/content/sih/en/startup-scheme.html,https://www.startupindia.gov.in/content/dam/startupindia/Startup-India-Fund-of-Funds-2.0-Scheme.pdf,DOWNLOADED,Scheme_PDFs/DPIIT Recognition/Startup-India-Fund-of-Funds-2.0-Scheme.pdf
DPIIT Recognition,https://www.startupindia.gov.in/content/sih/en/startup-scheme.html,https://www.startupindia.gov.in/content/dam/startupindia/homebanners/Startup-Schemes-Playbook-June-2026.pdf,DOWNLOADED,Scheme_PDFs/DPIIT Recognition/Startup-Schemes-Playbook-June-2026.pdf
Atal New India Challenge,https://aim.gov.in/atal-new-india-challenge.php,https://aim.gov.in/ANIC_1.0_SSC_Selection_Summary.pdf,DOWNLOADED,Scheme_PDFs/Atal New India Challenge/ANIC_1.0_SSC_Selection_Summary.pdf
Atal New India Challenge,https://aim.gov.in/atal-new-india-challenge.php,https://aim.gov.in/FY2020-21-List-of-Grantee-Organizations.pdf,DOWNLOADED,Scheme_PDFs/Atal New India Challenge/FY2020-21-List-of-Grantee-Organizations.pdf
Atal New India Challenge,https://aim.gov.in/atal-new-india-challenge.php,https://aim.gov.in/FY2021-22-List-of-Grantee-Organizations.pdf,DOWNLOADED,Scheme_PDFs/Atal New India Challenge/FY2021-22-List-of-Grantee-Organizations.pdf
Atal New India Challenge,https://aim.gov.in/atal-new-india-challenge.php,https://aim.gov.in/pdf/ANIC-2.0-Final-Guidelines.pdf,DOWNLOADED,Scheme_PDFs/Atal New India Challenge/ANIC-2.0-Final-Guidelines.pdf
Atal New India Challenge,https://aim.gov.in/atal-new-india-challenge.php,https://aim.gov.in/pdf/ANIC_1.0-guidelines.pdf,DOWNLOADED,Scheme_PDFs/Atal New India Challenge/ANIC_1.0-guidelines.pdf
Atal New India Challenge,https://aim.gov.in/atal-new-india-challenge.php,https://aim.gov.in/pdf/anic_1.0_beneficiaries.pdf,DOWNLOADED,Scheme_PDFs/Atal New India Challenge/anic_1.0_beneficiaries.pdf
Atal New India Challenge,https://aim.gov.in/atal-new-india-challenge.php,https://aim.gov.in/pdf/anic_winners.pdf,DOWNLOADED,Scheme_PDFs/Atal New India Challenge/anic_winners.pdf
AEDP Overview,https://aim.gov.in/aim-ecosystem-development-program.php,,NO_PDF_FOUND,
Aatmanirbhar Bharat ARISE,https://aim.gov.in/arise.php,https://aim.gov.in/pdf/ARISE-ANIC_Guidelines.pdf,DOWNLOADED,Scheme_PDFs/Aatmanirbhar Bharat ARISE/ARISE-ANIC_Guidelines.pdf
Ed-Tech Innovations to enhance the learning for PwD/CwD,https://aim.gov.in/EdtechInnovations.php,,NO_PDF_FOUND,
YOUTH CO:LAB NATIONAL INNOVATION CHALLENGE 2024-25,https://aim.gov.in/youthcolab-2025.php,,NO_PDF_FOUND,
AIM-iLEAP Program,https://aim.gov.in/ileap.php,,NO_PDF_FOUND,
AIM-ICDK Water Innovation Challenge,https://aim.gov.in/icdk-water-challenge-2.php,https://aim.gov.in/images/Waste-Water-ver2_18102022.pdf,DOWNLOADED,Scheme_PDFs/AIM-ICDK Water Innovation Challenge/Waste-Water-ver2_18102022.pdf
AIM-Prime Program,https://aim.gov.in/primeprogram.php,,NO_PDF_FOUND,
Meet our Team,https://aim.gov.in/our-team.php,https://aim.gov.in/AIM_Brochure.pdf,DOWNLOADED,Scheme_PDFs/Meet our Team/AIM_Brochure.pdf
Meet our Team,https://aim.gov.in/our-team.php,https://aim.gov.in/pdf/Startup20_Communique_2023_India.pdf,DOWNLOADED,Scheme_PDFs/Meet our Team/Startup20_Communique_2023_India.pdf
Rise Accelerator,https://aim.gov.in/rise.php,https://aim.gov.in/pdf/Flag-O_Revised_ACIC_Guidelines_June-2022.pdf,DOWNLOADED,Scheme_PDFs/Rise Accelerator/Flag-O_Revised_ACIC_Guidelines_June-2022.pdf
Rise Accelerator,https://aim.gov.in/rise.php,https://aim.gov.in/pdf/GuidelinesACIC_15_Sep.pdf,DOWNLOADED,Scheme_PDFs/Rise Accelerator/GuidelinesACIC_15_Sep.pdf
Rise Accelerator,https://aim.gov.in/rise.php,https://aim.gov.in/pdf/Operation_Manual_ACIC.pdf,DOWNLOADED,Scheme_PDFs/Rise Accelerator/Operation_Manual_ACIC.pdf
Disclaimer,https://aim.gov.in/disclaimer.php,https://aim.gov.in/AIM_Brochure.pdf,DOWNLOADED,Scheme_PDFs/Disclaimer/AIM_Brochure.pdf
Disclaimer,https://aim.gov.in/disclaimer.php,https://aim.gov.in/pdf/Startup20_Communique_2023_India.pdf,DOWNLOADED,Scheme_PDFs/Disclaimer/Startup20_Communique_2023_India.pdf
Atal New India Challenge 2.0,https://aim.gov.in/atal-new-india-challenge-2.0.php,https://aim.gov.in/FY2020-21-List-of-Grantee-Organizations.pdf,DOWNLOADED,Scheme_PDFs/Atal New India Challenge 2.0/FY2020-21-List-of-Grantee-Organizations.pdf
Atal New India Challenge 2.0,https://aim.gov.in/atal-new-india-challenge-2.0.php,https://aim.gov.in/FY2021-22-List-of-Grantee-Organizations.pdf,DOWNLOADED,Scheme_PDFs/Atal New India Challenge 2.0/FY2021-22-List-of-Grantee-Organizations.pdf
Atal New India Challenge 2.0,https://aim.gov.in/atal-new-india-challenge-2.0.php,https://aim.gov.in/pdf/ANIC-2.0-Final-Guidelines.pdf,DOWNLOADED,Scheme_PDFs/Atal New India Challenge 2.0/ANIC-2.0-Final-Guidelines.pdf
Atal New India Challenge 2.0,https://aim.gov.in/atal-new-india-challenge-2.0.php,https://aim.gov.in/pdf/ANIC_1.0-guidelines.pdf,DOWNLOADED,Scheme_PDFs/Atal New India Challenge 2.0/ANIC_1.0-guidelines.pdf
Atal New India Challenge 2.0,https://aim.gov.in/atal-new-india-challenge-2.0.php,https://aim.gov.in/pdf/anic_winners.pdf,DOWNLOADED,Scheme_PDFs/Atal New India Challenge 2.0/anic_winners.pdf
Recruitment,https://aim.gov.in/work-with-aim.php,https://aim.gov.in/AIM_Brochure.pdf,DOWNLOADED,Scheme_PDFs/Recruitment/AIM_Brochure.pdf
Recruitment,https://aim.gov.in/work-with-aim.php,https://aim.gov.in/pdf/Startup20_Communique_2023_India.pdf,DOWNLOADED,Scheme_PDFs/Recruitment/Startup20_Communique_2023_India.pdf
Recruitment,https://aim.gov.in/work-with-aim.php,https://aim.gov.in/pdf/Vacancy-Circular-for-the-Post-of-Consultant.pdf,DOWNLOADED,Scheme_PDFs/Recruitment/Vacancy-Circular-for-the-Post-of-Consultant.pdf
Term & Condition,https://aim.gov.in/term-and-condition.php,https://aim.gov.in/AIM_Brochure.pdf,DOWNLOADED,Scheme_PDFs/Term _ Condition/AIM_Brochure.pdf
Term & Condition,https://aim.gov.in/term-and-condition.php,https://aim.gov.in/pdf/Startup20_Communique_2023_India.pdf,DOWNLOADED,Scheme_PDFs/Term _ Condition/Startup20_Communique_2023_India.pdf
Incubator Schemes,https://www.startupindia.gov.in/content/sih/en/incubator-schemes.html,http://www.nstedb.com/institutional/Approved%20Revised_guidelines_of_TBI.pdf,DOWNLOAD_FAILED: HTTP 403,
Incubator Schemes,https://www.startupindia.gov.in/content/sih/en/incubator-schemes.html,http://www.startupindia.gov.in/content/dam/startupindia/Tax-Playbook-for-Startup-Ecosystem-May-2026.pdf,DOWNLOAD_FAILED: HTTP 403,
Incubator Schemes,https://www.startupindia.gov.in/content/sih/en/incubator-schemes.html,https://aim.gov.in/Revised_AIC_Guidelines.pdf,DOWNLOADED,Scheme_PDFs/Incubator Schemes/Revised_AIC_Guidelines.pdf
Incubator Schemes,https://www.startupindia.gov.in/content/sih/en/incubator-schemes.html,https://invest.up.gov.in/wp-content/themes/investup/pdf/Startup-Policy-2020.pdf,"DOWNLOAD_FAILED: HTTPSConnectionPool(host='invest.up.gov.in', port=443): Max retries exceeded with url: /wp-content/themes/investup/pdf/Startup-Policy-2020.pdf (Caused by SSLError(SSLCertVerificationError(1, '[SSL: CERTIFICATE_VERIFY_FAILED] certificate verify failed: unable to get local issuer certificate (_ssl.c:1010)')))",
Incubator Schemes,https://www.startupindia.gov.in/content/sih/en/incubator-schemes.html,https://meitystartuphub.in/assets/docs/TIDE2.0_Brochure_2.pdf,"DOWNLOAD_FAILED: HTTPSConnectionPool(host='meitystartuphub.in', port=443): Max retries exceeded with url: /assets/docs/TIDE2.0_Brochure_2.pdf (Caused by NameResolutionError(""<urllib3.connection.HTTPSConnection object at 0x7868f2062c00>: Failed to resolve 'meitystartuphub.in' ([Errno -5] No address associated with hostname)""))",
Incubator Schemes,https://www.startupindia.gov.in/content/sih/en/incubator-schemes.html,https://startup.gujarat.gov.in/files/2020/11/67fa51ad-d410-49be-8ff3-f93adc784118_13-GR_02092020.pdf,"DOWNLOAD_FAILED: HTTPSConnectionPool(host='startup.gujarat.gov.in', port=443): Max retries exceeded with url: /files/2020/11/67fa51ad-d410-49be-8ff3-f93adc784118_13-GR_02092020.pdf (Caused by NewConnectionError('<urllib3.connection.HTTPSConnection object at 0x7868f2526900>: Failed to establish a new connection: [Errno 101] Network is unreachable'))",
Incubator Schemes,https://www.startupindia.gov.in/content/sih/en/incubator-schemes.html,https://startup.mp.gov.in/uploads/media/Startup_Policy_2022_(eng).pdf,DOWNLOADED,Scheme_PDFs/Incubator Schemes/Startup_Policy_2022__eng_.pdf
Incubator Schemes,https://www.startupindia.gov.in/content/sih/en/incubator-schemes.html,https://state.bihar.gov.in/industries/cache/26/01-Jul-22/SHOW_DOCS/circular-td-1502-dtd-27-06-22%20English.pdf,"DOWNLOAD_FAILED: HTTPSConnectionPool(host='state.bihar.gov.in', port=443): Max retries exceeded with url: /industries/cache/26/01-Jul-22/SHOW_DOCS/circular-td-1502-dtd-27-06-22%20English.pdf (Caused by SSLError(SSLCertVerificationError(1, '[SSL: CERTIFICATE_VERIFY_FAILED] certificate verify failed: unable to get local issuer certificate (_ssl.c:1010)')))",
Incubator Schemes,https://www.startupindia.gov.in/content/sih/en/incubator-schemes.html,https://www.birac.nic.in/webcontent/BioNEST_Guidelines_04_07_2018.pdf,DOWNLOADED,Scheme_PDFs/Incubator Schemes/BioNEST_Guidelines_04_07_2018.pdf
Incubator Schemes,https://www.startupindia.gov.in/content/sih/en/incubator-schemes.html,https://www.startupindia.gov.in/content/dam/invest-india/HomePage/Startup-Playbook-Exclusive-Benefits-for-DPIIT-Recognised-Startups-in-India-April-2026.pdf,DOWNLOADED,Scheme_PDFs/Incubator Schemes/Startup-Playbook-Exclusive-Benefits-for-DPIIT-Recognised-Startups-in-India-April-2026.pdf
Incubator Schemes,https://www.startupindia.gov.in/content/sih/en/incubator-schemes.html,https://www.startupindia.gov.in/content/dam/invest-india/Industrial_and_Business_Development_Policy_2017.pdf,DOWNLOAD_FAILED: HTTP 404,
Incubator Schemes,https://www.startupindia.gov.in/content/sih/en/incubator-schemes.html,https://www.startupindia.gov.in/content/dam/invest-india/Templates/public/Action__Plan.pdf,DOWNLOADED,Scheme_PDFs/Incubator Schemes/Action__Plan.pdf
Incubator Schemes,https://www.startupindia.gov.in/content/sih/en/incubator-schemes.html,https://www.startupindia.gov.in/content/dam/invest-india/Templates/public/Revised%20Guidelines%20for%20recognition.pdf,DOWNLOADED,Scheme_PDFs/Incubator Schemes/Revised_20Guidelines_20for_20recognition.pdf
Incubator Schemes,https://www.startupindia.gov.in/content/sih/en/incubator-schemes.html,https://www.startupindia.gov.in/content/dam/invest-india/Templates/public/incubator_page_content/Academia%20Incubator%20engagement.pdf,DOWNLOADED,Scheme_PDFs/Incubator Schemes/Academia_20Incubator_20engagement.pdf
Incubator Schemes,https://www.startupindia.gov.in/content/sih/en/incubator-schemes.html,https://www.startupindia.gov.in/content/dam/invest-india/Templates/public/incubator_page_content/Accelerator%20Market%20Fit%20.pdf,DOWNLOADED,Scheme_PDFs/Incubator Schemes/Accelerator_20Market_20Fit_20.pdf
Incubator Schemes,https://www.startupindia.gov.in/content/sih/en/incubator-schemes.html,https://www.startupindia.gov.in/content/dam/invest-india/Templates/public/incubator_page_content/Handbook%20for%20Incubator%20Managers.pdf,DOWNLOADED,Scheme_PDFs/Incubator Schemes/Handbook_20for_20Incubator_20Managers.pdf
Incubator Schemes,https://www.startupindia.gov.in/content/sih/en/incubator-schemes.html,https://www.startupindia.gov.in/content/dam/invest-india/Templates/public/incubator_page_content/Incubation%20for%20social%20startups.pdf,DOWNLOADED,Scheme_PDFs/Incubator Schemes/Incubation_20for_20social_20startups.pdf
Incubator Schemes,https://www.startupindia.gov.in/content/sih/en/incubator-schemes.html,https://www.startupindia.gov.in/content/dam/invest-india/Templates/public/incubator_page_content/Mixed-use%20Incubator%20Handbook%20by%20infoDev%20pdf.pdf,DOWNLOADED,Scheme_PDFs/Incubator Schemes/Mixed-use_20Incubator_20Handbook_20by_20infoDev_20pdf.pdf
Incubator Schemes,https://www.startupindia.gov.in/content/sih/en/incubator-schemes.html,https://www.startupindia.gov.in/content/dam/invest-india/Templates/public/incubator_page_content/Role%20of%20State%20in%20creating%20Startup%20Ecosystem.pdf,DOWNLOADED,Scheme_PDFs/Incubator Schemes/Role_20of_20State_20in_20creating_20Startup_20Ecosystem.pdf
Incubator Schemes,https://www.startupindia.gov.in/content/sih/en/incubator-schemes.html,https://www.startupindia.gov.in/content/dam/invest-india/Templates/public/incubator_page_content/Startup%20Engagement%20Best%20Practices%20for%20%20Large%20Organizations.pdf,DOWNLOADED,Scheme_PDFs/Incubator Schemes/Startup_20Engagement_20Best_20Practices_20for_20_20Large_20Organizations.pdf
Incubator Schemes,https://www.startupindia.gov.in/content/sih/en/incubator-schemes.html,https://www.startupindia.gov.in/content/dam/invest-india/Templates/public/incubator_page_content/The%20infoDev%20Global%20Network%20of%20Business%20Incubators%20-%20pdf.pdf,DOWNLOADED,Scheme_PDFs/Incubator Schemes/The_20infoDev_20Global_20Network_20of_20Business_20Incubators_20-_20pdf.pdf
Incubator Schemes,https://www.startupindia.gov.in/content/sih/en/incubator-schemes.html,https://www.startupindia.gov.in/content/dam/invest-india/Templates/public/state_startup_policies/A&Nstartup%20final_cp.pdf,DOWNLOADED,Scheme_PDFs/Incubator Schemes/A_Nstartup_20final_cp.pdf
Incubator Schemes,https://www.startupindia.gov.in/content/sih/en/incubator-schemes.html,https://www.startupindia.gov.in/content/dam/invest-india/Templates/public/state_startup_policies/Andhra%20Policy%20Statement.pdf,DOWNLOADED,Scheme_PDFs/Incubator Schemes/Andhra_20Policy_20Statement.pdf
Incubator Schemes,https://www.startupindia.gov.in/content/sih/en/incubator-schemes.html,https://www.startupindia.gov.in/content/dam/invest-india/Templates/public/state_startup_policies/Assam_State_Policy.pdf,DOWNLOADED,Scheme_PDFs/Incubator Schemes/Assam_State_Policy.pdf
Incubator Schemes,https://www.startupindia.gov.in/content/sih/en/incubator-schemes.html,https://www.startupindia.gov.in/content/dam/invest-india/Templates/public/state_startup_policies/ChhattisgarhPolicy2016-min.pdf,DOWNLOADED,Scheme_PDFs/Incubator Schemes/ChhattisgarhPolicy2016-min.pdf
Incubator Schemes,https://www.startupindia.gov.in/content/sih/en/incubator-schemes.html,https://www.startupindia.gov.in/content/dam/invest-india/Templates/public/state_startup_policies/GoaStart-up-Policy2017-dated-19-9-2017.pdf,DOWNLOADED,Scheme_PDFs/Incubator Schemes/GoaStart-up-Policy2017-dated-19-9-2017.pdf
Incubator Schemes,https://www.startupindia.gov.in/content/sih/en/incubator-schemes.html,https://www.startupindia.gov.in/content/dam/invest-india/Templates/public/state_startup_policies/Haryana_Startup-Policy.pdf,DOWNLOADED,Scheme_PDFs/Incubator Schemes/Haryana_Startup-Policy.pdf
Incubator Schemes,https://www.startupindia.gov.in/content/sih/en/incubator-schemes.html,https://www.startupindia.gov.in/content/dam/invest-india/Templates/public/state_startup_policies/Himachal%20startup%20policy.pdf,DOWNLOADED,Scheme_PDFs/Incubator Schemes/Himachal_20startup_20policy.pdf
Incubator Schemes,https://www.startupindia.gov.in/content/sih/en/incubator-schemes.html,https://www.startupindia.gov.in/content/dam/invest-india/Templates/public/state_startup_policies/Jharkhand%20Startup%20Policy.pdf,DOWNLOADED,Scheme_PDFs/Incubator Schemes/Jharkhand_20Startup_20Policy.pdf
Incubator Schemes,https://www.startupindia.gov.in/content/sih/en/incubator-schemes.html,https://www.startupindia.gov.in/content/dam/invest-india/Templates/public/state_startup_policies/Karnataka_Startup_Policy.pdf,DOWNLOADED,Scheme_PDFs/Incubator Schemes/Karnataka_Startup_Policy.pdf
Incubator Schemes,https://www.startupindia.gov.in/content/sih/en/incubator-schemes.html,https://www.startupindia.gov.in/content/dam/invest-india/Templates/public/state_startup_policies/Maharashtra_State_Innovative_Startup_Policy_2018.pdf,DOWNLOADED,Scheme_PDFs/Incubator Schemes/Maharashtra_State_Innovative_Startup_Policy_2018.pdf
Incubator Schemes,https://www.startupindia.gov.in/content/sih/en/incubator-schemes.html,https://www.startupindia.gov.in/content/dam/invest-india/Templates/public/state_startup_policies/Manipur_Startup_Policy.pdf,DOWNLOADED,Scheme_PDFs/Incubator Schemes/Manipur_Startup_Policy.pdf
Incubator Schemes,https://www.startupindia.gov.in/content/sih/en/incubator-schemes.html,https://www.startupindia.gov.in/content/dam/invest-india/Templates/public/state_startup_policies/Nagaland-Policy-2019.pdf,DOWNLOADED,Scheme_PDFs/Incubator Schemes/Nagaland-Policy-2019.pdf
Incubator Schemes,https://www.startupindia.gov.in/content/sih/en/incubator-schemes.html,https://www.startupindia.gov.in/content/dam/invest-india/Templates/public/state_startup_policies/Odisha2016StartupPolicy.pdf,DOWNLOADED,Scheme_PDFs/Incubator Schemes/Odisha2016StartupPolicy.pdf
Incubator Schemes,https://www.startupindia.gov.in/content/sih/en/incubator-schemes.html,https://www.startupindia.gov.in/content/dam/invest-india/Templates/public/state_startup_policies/Puducherry%20startup%20policy%202019.pdf,DOWNLOADED,Scheme_PDFs/Incubator Schemes/Puducherry_20startup_20policy_202019.pdf
Incubator Schemes,https://www.startupindia.gov.in/content/sih/en/incubator-schemes.html,https://www.startupindia.gov.in/content/dam/invest-india/Templates/public/state_startup_policies/Rajasthan-startup-policy-2015.pdf,DOWNLOADED,Scheme_PDFs/Incubator Schemes/Rajasthan-startup-policy-2015.pdf
Incubator Schemes,https://www.startupindia.gov.in/content/sih/en/incubator-schemes.html,https://www.startupindia.gov.in/content/dam/invest-india/Templates/public/state_startup_policies/Tamil_Nadu_Startup_Policy.pdf,DOWNLOADED,Scheme_PDFs/Incubator Schemes/Tamil_Nadu_Startup_Policy.pdf
Incubator Schemes,https://www.startupindia.gov.in/content/sih/en/incubator-schemes.html,https://www.startupindia.gov.in/content/dam/invest-india/Templates/public/state_startup_policies/Telangana-Innovation-Policy-Issued-GO.pdf,DOWNLOADED,Scheme_PDFs/Incubator Schemes/Telangana-Innovation-Policy-Issued-GO.pdf
Incubator Schemes,https://www.startupindia.gov.in/content/sih/en/incubator-schemes.html,https://www.startupindia.gov.in/content/dam/invest-india/Templates/public/state_startup_policies/West%20Bengal_Start-up-Policy-2016-2021.pdf,DOWNLOADED,Scheme_PDFs/Incubator Schemes/West_20Bengal_Start-up-Policy-2016-2021.pdf
Incubator Schemes,https://www.startupindia.gov.in/content/sih/en/incubator-schemes.html,https://www.startupindia.gov.in/content/dam/startupindia/Startup-India-Fund-of-Funds-2.0-Scheme.pdf,DOWNLOADED,Scheme_PDFs/Incubator Schemes/Startup-India-Fund-of-Funds-2.0-Scheme.pdf
Incubator Schemes,https://www.startupindia.gov.in/content/sih/en/incubator-schemes.html,https://www.startupindia.gov.in/content/dam/startupindia/homebanners/Startup-Schemes-Playbook-June-2026.pdf,DOWNLOADED,Scheme_PDFs/Incubator Schemes/Startup-Schemes-Playbook-June-2026.pdf
Incubator Schemes,https://www.startupindia.gov.in/content/sih/en/incubator-schemes.html,https://www.startuputtarakhand.com/attachments/1645842195.pdf,DOWNLOADED,Scheme_PDFs/Incubator Schemes/1645842195.pdf
AIM iCRESt,https://aim.gov.in/aim-icrest.php,,NO_PDF_FOUND,
YOUTH CO:LAB NATIONAL INNOVATION CHALLENGE 2026,https://aim.gov.in/youthcolab.php,https://eacpm.gov.in/wp-content/uploads/2024/05/Solid_Waste_management_Updated.pdf,"DOWNLOAD_FAILED: HTTPSConnectionPool(host='eacpm.gov.in', port=443): Max retries exceeded with url: /wp-content/uploads/2024/05/Solid_Waste_management_Updated.pdf (Caused by SSLError(SSLCertVerificationError(1, '[SSL: CERTIFICATE_VERIFY_FAILED] certificate verify failed: unable to get local issuer certificate (_ssl.c:1010)')))",
YOUTH CO:LAB NATIONAL INNOVATION CHALLENGE 2026,https://aim.gov.in/youthcolab.php,https://www.niti.gov.in/sites/default/files/2023-03/Final%20Report-Action%20Research%20for%20Waste%20Reduction.pdf,DOWNLOAD_FAILED: HTTP 403,
Overview,https://aim.gov.in/overview.php,https://aim.gov.in/AIM_Brochure.pdf,DOWNLOADED,Scheme_PDFs/Overview/AIM_Brochure.pdf
Overview,https://aim.gov.in/overview.php,https://aim.gov.in/pdf/Startup20_Communique_2023_India.pdf,DOWNLOADED,Scheme_PDFs/Overview/Startup20_Communique_2023_India.pdf
South South Innovation Challenge,https://aim.gov.in/south-south-innovation-challenge.php,https://aim.gov.in/pdf/Report-UNCDF.pdf,DOWNLOADED,Scheme_PDFs/South South Innovation Challenge/Report-UNCDF.pdf
Partners,https://aim.gov.in/Partners.php,https://aim.gov.in/AIM_Brochure.pdf,DOWNLOADED,Scheme_PDFs/Partners/AIM_Brochure.pdf
Partners,https://aim.gov.in/Partners.php,https://aim.gov.in/pdf/Startup20_Communique_2023_India.pdf,DOWNLOADED,Scheme_PDFs/Partners/Startup20_Communique_2023_India.pdf
Screen Reader Access,https://aim.gov.in/screen-reader.php,https://aim.gov.in/AIM_Brochure.pdf,DOWNLOADED,Scheme_PDFs/Screen Reader Access/AIM_Brochure.pdf
Screen Reader Access,https://aim.gov.in/screen-reader.php,https://aim.gov.in/pdf/Startup20_Communique_2023_India.pdf,DOWNLOADED,Scheme_PDFs/Screen Reader Access/Startup20_Communique_2023_India.pdf
AIM – ICDK Water Challenge 6.0,https://aim.gov.in/ICDK-water-innovation-challenge-6.php,,NO_PDF_FOUND,
Atal Community Innovation Centre,https://aim.gov.in/acic.php,https://aim.gov.in/pdf/ACIC_shortlisted_candidates_11042022.pdf,DOWNLOADED,Scheme_PDFs/Atal Community Innovation Centre/ACIC_shortlisted_candidates_11042022.pdf
Atal Community Innovation Centre,https://aim.gov.in/acic.php,https://aim.gov.in/pdf/Flag-O_Revised_ACIC_Guidelines_June-2022.pdf,DOWNLOADED,Scheme_PDFs/Atal Community Innovation Centre/Flag-O_Revised_ACIC_Guidelines_June-2022.pdf
Atal Community Innovation Centre,https://aim.gov.in/acic.php,https://aim.gov.in/pdf/GuidelinesACIC_15_Sep.pdf,DOWNLOADED,Scheme_PDFs/Atal Community Innovation Centre/GuidelinesACIC_15_Sep.pdf
Atal Community Innovation Centre,https://aim.gov.in/acic.php,https://aim.gov.in/pdf/Operation_Manual_ACIC.pdf,DOWNLOADED,Scheme_PDFs/Atal Community Innovation Centre/Operation_Manual_ACIC.pdf
About AIM,https://aim.gov.in/,https://aim.gov.in/images/SSC-Combined-Final-Results-24-11.pdf,DOWNLOADED,Scheme_PDFs/About AIM/SSC-Combined-Final-Results-24-11.pdf
About AIM,https://aim.gov.in/,https://aim.gov.in/pdf/ASSESSMENT-FRAMEWORK-FOR-STARTUP-INCUBATION-CENTRES.pdf,DOWNLOADED,Scheme_PDFs/About AIM/ASSESSMENT-FRAMEWORK-FOR-STARTUP-INCUBATION-CENTRES.pdf
About AIM,https://aim.gov.in/,https://aim.gov.in/pdf/ATL-Calendar-2026.pdf,DOWNLOADED,Scheme_PDFs/About AIM/ATL-Calendar-2026.pdf
About AIM,https://aim.gov.in/,https://aim.gov.in/pdf/ATL-Guidebook.pdf,DOWNLOADED,Scheme_PDFs/About AIM/ATL-Guidebook.pdf
About AIM,https://aim.gov.in/,https://aim.gov.in/pdf/ATL-Marathon-2022-23-Top-100-Teams.pdf,DOWNLOADED,Scheme_PDFs/About AIM/ATL-Marathon-2022-23-Top-100-Teams.pdf
About AIM,https://aim.gov.in/,https://aim.gov.in/pdf/ATL-Marathon-23-24-Top-150-Teams.pdf,DOWNLOADED,Scheme_PDFs/About AIM/ATL-Marathon-23-24-Top-150-Teams.pdf
About AIM,https://aim.gov.in/,https://aim.gov.in/pdf/ATL-Newsletter-April-2025.pdf,DOWNLOADED,Scheme_PDFs/About AIM/ATL-Newsletter-April-2025.pdf
About AIM,https://aim.gov.in/,https://aim.gov.in/pdf/ATL-Newsletter-February-2025.pdf,DOWNLOADED,Scheme_PDFs/About AIM/ATL-Newsletter-February-2025.pdf
About AIM,https://aim.gov.in/,https://aim.gov.in/pdf/ATL-Newsletter-Jan-2025.pdf,DOWNLOADED,Scheme_PDFs/About AIM/ATL-Newsletter-Jan-2025.pdf
About AIM,https://aim.gov.in/,https://aim.gov.in/pdf/ATL-Newsletter-March-2025.pdf,DOWNLOADED,Scheme_PDFs/About AIM/ATL-Newsletter-March-2025.pdf
About AIM,https://aim.gov.in/,https://aim.gov.in/pdf/ATL-Newsletter-May-2025.pdf,DOWNLOADED,Scheme_PDFs/About AIM/ATL-Newsletter-May-2025.pdf
About AIM,https://aim.gov.in/,https://aim.gov.in/pdf/Assessment-Report-of-Atal-tinkering-Labs.pdf,DOWNLOADED,Scheme_PDFs/About AIM/Assessment-Report-of-Atal-tinkering-Labs.pdf
About AIM,https://aim.gov.in/,https://aim.gov.in/pdf/Final-List-Top-1000-teams.pdf,DOWNLOADED,Scheme_PDFs/About AIM/Final-List-Top-1000-teams.pdf
About AIM,https://aim.gov.in/,https://aim.gov.in/pdf/LIPI-Public-consultation.pdf,DOWNLOADED,Scheme_PDFs/About AIM/LIPI-Public-consultation.pdf
About AIM,https://aim.gov.in/,https://aim.gov.in/pdf/Results-Top-500-Teams-ATL-Marathon-2023-24.pdf,DOWNLOADED,Scheme_PDFs/About AIM/Results-Top-500-Teams-ATL-Marathon-2023-24.pdf
About AIM,https://aim.gov.in/,https://aim.gov.in/pdf/SoM-November-2023.pdf,DOWNLOADED,Scheme_PDFs/About AIM/SoM-November-2023.pdf
About AIM,https://aim.gov.in/,https://aim.gov.in/pdf/SoM_December_2023.pdf,DOWNLOADED,Scheme_PDFs/About AIM/SoM_December_2023.pdf
About AIM,https://aim.gov.in/,https://aim.gov.in/pdf/SoM_January 2024.pdf,DOWNLOADED,Scheme_PDFs/About AIM/SoM_January 2024.pdf
About AIM,https://aim.gov.in/,https://aim.gov.in/pdf/Startup20_Communique_2023_India.pdf,DOWNLOADED,Scheme_PDFs/About AIM/Startup20_Communique_2023_India.pdf
About AIM,https://aim.gov.in/,https://aim.gov.in/pdf/TINKERPRENEUR-2025-TOP-100-RESULT.pdf,DOWNLOADED,Scheme_PDFs/About AIM/TINKERPRENEUR-2025-TOP-100-RESULT.pdf
About AIM,https://aim.gov.in/,https://aim.gov.in/pdf/Tinkerpreneur-2024-Brochure.pdf,DOWNLOADED,Scheme_PDFs/About AIM/Tinkerpreneur-2024-Brochure.pdf
About AIM,https://aim.gov.in/,https://niti.gov.in/sites/default/files/2023-08/ASSESSMENT-FRAMEWORK-FOR-STARTUP-INCUBATION-CENTRE.pdf,DOWNLOAD_FAILED: HTTP 403,
About AIM,https://aim.gov.in/,https://www.aim.gov.in/SoM_February_2024.pdf,DOWNLOADED,Scheme_PDFs/About AIM/SoM_February_2024.pdf
About AIM,https://aim.gov.in/,https://www.aim.gov.in/pdf/AIM_EToC_Book_4.pdf,DOWNLOADED,Scheme_PDFs/About AIM/AIM_EToC_Book_4.pdf
About AIM,https://aim.gov.in/,https://www.aim.gov.in/pdf/ATL-calendar-2025.pdf,DOWNLOADED,Scheme_PDFs/About AIM/ATL-calendar-2025.pdf
About AIM,https://aim.gov.in/,https://www.aim.gov.in/pdf/ATL-calendar.pdf,DOWNLOADED,Scheme_PDFs/About AIM/ATL-calendar.pdf
About AIM,https://aim.gov.in/,https://www.aim.gov.in/pdf/Final-List-Top-1000-teams.pdf,DOWNLOADED,Scheme_PDFs/About AIM/Final-List-Top-1000-teams_1.pdf
About AIM,https://aim.gov.in/,https://www.aim.gov.in/pdf/SoM-April-2026.pdf,DOWNLOADED,Scheme_PDFs/About AIM/SoM-April-2026.pdf
About AIM,https://aim.gov.in/,https://www.aim.gov.in/pdf/SoM-August-2025.pdf,DOWNLOADED,Scheme_PDFs/About AIM/SoM-August-2025.pdf
About AIM,https://aim.gov.in/,https://www.aim.gov.in/pdf/SoM-December-2025.pdf,DOWNLOADED,Scheme_PDFs/About AIM/SoM-December-2025.pdf
About AIM,https://aim.gov.in/,https://www.aim.gov.in/pdf/SoM-February-2026.pdf,DOWNLOADED,Scheme_PDFs/About AIM/SoM-February-2026.pdf
About AIM,https://aim.gov.in/,https://www.aim.gov.in/pdf/SoM-January-2026.pdf,DOWNLOADED,Scheme_PDFs/About AIM/SoM-January-2026.pdf
About AIM,https://aim.gov.in/,https://www.aim.gov.in/pdf/SoM-July-2025.pdf,DOWNLOADED,Scheme_PDFs/About AIM/SoM-July-2025.pdf
About AIM,https://aim.gov.in/,https://www.aim.gov.in/pdf/SoM-June-2026.pdf,DOWNLOADED,Scheme_PDFs/About AIM/SoM-June-2026.pdf
About AIM,https://aim.gov.in/,https://www.aim.gov.in/pdf/SoM-March-2026.pdf,DOWNLOADED,Scheme_PDFs/About AIM/SoM-March-2026.pdf
About AIM,https://aim.gov.in/,https://www.aim.gov.in/pdf/SoM-May-2026.pdf,DOWNLOADED,Scheme_PDFs/About AIM/SoM-May-2026.pdf
About AIM,https://aim.gov.in/,https://www.aim.gov.in/pdf/SoM-November-2025.pdf,DOWNLOADED,Scheme_PDFs/About AIM/SoM-November-2025.pdf
About AIM,https://aim.gov.in/,https://www.aim.gov.in/pdf/SoM-October-2025.pdf,DOWNLOADED,Scheme_PDFs/About AIM/SoM-October-2025.pdf
About AIM,https://aim.gov.in/,https://www.aim.gov.in/pdf/SoM-September-2025.pdf,DOWNLOADED,Scheme_PDFs/About AIM/SoM-September-2025.pdf
About AIM,https://aim.gov.in/,https://www.aim.gov.in/pdf/SoM_April 2024.pdf,DOWNLOADED,Scheme_PDFs/About AIM/SoM_April 2024.pdf
About AIM,https://aim.gov.in/,https://www.aim.gov.in/pdf/SoM_April-2025.pdf,DOWNLOADED,Scheme_PDFs/About AIM/SoM_April-2025.pdf
About AIM,https://aim.gov.in/,https://www.aim.gov.in/pdf/SoM_August-2024.pdf,DOWNLOADED,Scheme_PDFs/About AIM/SoM_August-2024.pdf
About AIM,https://aim.gov.in/,https://www.aim.gov.in/pdf/SoM_December-2024.pdf,DOWNLOADED,Scheme_PDFs/About AIM/SoM_December-2024.pdf
About AIM,https://aim.gov.in/,https://www.aim.gov.in/pdf/SoM_February-2025.pdf,DOWNLOADED,Scheme_PDFs/About AIM/SoM_February-2025.pdf
About AIM,https://aim.gov.in/,https://www.aim.gov.in/pdf/SoM_January-2025.pdf,DOWNLOADED,Scheme_PDFs/About AIM/SoM_January-2025.pdf
About AIM,https://aim.gov.in/,https://www.aim.gov.in/pdf/SoM_July-2024.pdf,DOWNLOADED,Scheme_PDFs/About AIM/SoM_July-2024.pdf
About AIM,https://aim.gov.in/,https://www.aim.gov.in/pdf/SoM_June-2024.pdf,DOWNLOADED,Scheme_PDFs/About AIM/SoM_June-2024.pdf
About AIM,https://aim.gov.in/,https://www.aim.gov.in/pdf/SoM_June-2025.pdf,DOWNLOADED,Scheme_PDFs/About AIM/SoM_June-2025.pdf
About AIM,https://aim.gov.in/,https://www.aim.gov.in/pdf/SoM_March 2024.pdf,DOWNLOADED,Scheme_PDFs/About AIM/SoM_March 2024.pdf
About AIM,https://aim.gov.in/,https://www.aim.gov.in/pdf/SoM_March-2025.pdf,DOWNLOADED,Scheme_PDFs/About AIM/SoM_March-2025.pdf
About AIM,https://aim.gov.in/,https://www.aim.gov.in/pdf/SoM_May-2024.pdf,DOWNLOADED,Scheme_PDFs/About AIM/SoM_May-2024.pdf
About AIM,https://aim.gov.in/,https://www.aim.gov.in/pdf/SoM_May-2025.pdf,DOWNLOADED,Scheme_PDFs/About AIM/SoM_May-2025.pdf
About AIM,https://aim.gov.in/,https://www.aim.gov.in/pdf/SoM_November-2024.pdf,DOWNLOADED,Scheme_PDFs/About AIM/SoM_November-2024.pdf
About AIM,https://aim.gov.in/,https://www.aim.gov.in/pdf/SoM_October-2024.pdf,DOWNLOADED,Scheme_PDFs/About AIM/SoM_October-2024.pdf
About AIM,https://aim.gov.in/,https://www.aim.gov.in/pdf/SoM_September-2024.pdf,DOWNLOADED,Scheme_PDFs/About AIM/SoM_September-2024.pdf
About AIM,https://aim.gov.in/,https://www.aim.gov.in/pdf/TINKERPRENEUR-2025-TOP-100-RESULT.pdf,DOWNLOADED,Scheme_PDFs/About AIM/TINKERPRENEUR-2025-TOP-100-RESULT_1.pdf
HCD Alumni Directory,https://aim.gov.in/hcd-alumni-directory.php,,NO_PDF_FOUND,
Mentor India,https://aim.gov.in/mentor-of-change.php,https://aim.gov.in/MentorIndiaTC_Final_July2021.pdf,DOWNLOADED,Scheme_PDFs/Mentor India/MentorIndiaTC_Final_July2021.pdf
Mentor India,https://aim.gov.in/mentor-of-change.php,https://aim.gov.in/images/The-Gems-of-Mentor-India.pdf,DOWNLOADED,Scheme_PDFs/Mentor India/The-Gems-of-Mentor-India.pdf
Mentor India,https://aim.gov.in/mentor-of-change.php,https://aim.gov.in/pdf/Final-RMOC-Yearbook.pdf,DOWNLOADED,Scheme_PDFs/Mentor India/Final-RMOC-Yearbook.pdf
Mentor India,https://aim.gov.in/mentor-of-change.php,https://aim.gov.in/pdf/FinalSelected-MoCs-230.pdf,DOWNLOADED,Scheme_PDFs/Mentor India/FinalSelected-MoCs-230.pdf
Mentor India,https://aim.gov.in/mentor-of-change.php,https://aim.gov.in/pdf/GEMS_of_Mentor_India_27-09-2021.pdf,DOWNLOADED,Scheme_PDFs/Mentor India/GEMS_of_Mentor_India_27-09-2021.pdf
Mentor India,https://aim.gov.in/mentor-of-change.php,https://aim.gov.in/pdf/Gems-of-Mentor-India-AIM-4.pdf,DOWNLOADED,Scheme_PDFs/Mentor India/Gems-of-Mentor-India-AIM-4.pdf
Mentor India,https://aim.gov.in/mentor-of-change.php,https://aim.gov.in/pdf/Gems_of_mentor_india.pdf,DOWNLOADED,Scheme_PDFs/Mentor India/Gems_of_mentor_india.pdf
Mentor India,https://aim.gov.in/mentor-of-change.php,https://aim.gov.in/pdf/Mentors-of-Change_February.pdf,DOWNLOADED,Scheme_PDFs/Mentor India/Mentors-of-Change_February.pdf
Mentor India,https://aim.gov.in/mentor-of-change.php,https://aim.gov.in/pdf/Mentors_of_India_27_January_2019.pdf,DOWNLOADED,Scheme_PDFs/Mentor India/Mentors_of_India_27_January_2019.pdf
Mentor India,https://aim.gov.in/mentor-of-change.php,https://aim.gov.in/pdf/Orientation-Brochure.pdf,DOWNLOADED,Scheme_PDFs/Mentor India/Orientation-Brochure.pdf
Mentor India,https://aim.gov.in/mentor-of-change.php,https://aim.gov.in/pdf/final-rmoc.pdf,DOWNLOADED,Scheme_PDFs/Mentor India/final-rmoc.pdf
MHLC Members,https://aim.gov.in/List-of-MHLC-Members.php,https://aim.gov.in/AIM_Brochure.pdf,DOWNLOADED,Scheme_PDFs/MHLC Members/AIM_Brochure.pdf
MHLC Members,https://aim.gov.in/List-of-MHLC-Members.php,https://aim.gov.in/pdf/Startup20_Communique_2023_India.pdf,DOWNLOADED,Scheme_PDFs/MHLC Members/Startup20_Communique_2023_India.pdf
Leadership,https://aim.gov.in/mission-director.php,https://aim.gov.in/AIM_Brochure.pdf,DOWNLOADED,Scheme_PDFs/Leadership/AIM_Brochure.pdf
Leadership,https://aim.gov.in/mission-director.php,https://aim.gov.in/pdf/MD-profile_updated.pdf,DOWNLOADED,Scheme_PDFs/Leadership/MD-profile_updated.pdf
Leadership,https://aim.gov.in/mission-director.php,https://aim.gov.in/pdf/Startup20_Communique_2023_India.pdf,DOWNLOADED,Scheme_PDFs/Leadership/Startup20_Communique_2023_India.pdf
Videos,https://aim.gov.in/videos.php,https://aim.gov.in/AIM_Brochure.pdf,DOWNLOADED,Scheme_PDFs/Videos/AIM_Brochure.pdf
Videos,https://aim.gov.in/videos.php,https://aim.gov.in/pdf/Startup20_Communique_2023_India.pdf,DOWNLOADED,Scheme_PDFs/Videos/Startup20_Communique_2023_India.pdf
Income Tax Exemption Notifications,https://www.startupindia.gov.in/content/sih/en/startupgov/imb.html,http://www.startupindia.gov.in/content/dam/startupindia/Tax-Playbook-for-Startup-Ecosystem-May-2026.pdf,DOWNLOAD_FAILED: HTTP 403,
Income Tax Exemption Notifications,https://www.startupindia.gov.in/content/sih/en/startupgov/imb.html,https://www.startupindia.gov.in/content/dam/invest-india/HomePage/Startup-Playbook-Exclusive-Benefits-for-DPIIT-Recognised-Startups-in-India-April-2026.pdf,DOWNLOADED,Scheme_PDFs/Income Tax Exemption Notifications/Startup-Playbook-Exclusive-Benefits-for-DPIIT-Recognised-Startups-in-India-April-2026.pdf
Income Tax Exemption Notifications,https://www.startupindia.gov.in/content/sih/en/startupgov/imb.html,https://www.startupindia.gov.in/content/dam/invest-india/Templates/public/198117.pdf,DOWNLOADED,Scheme_PDFs/Income Tax Exemption Notifications/198117.pdf
Income Tax Exemption Notifications,https://www.startupindia.gov.in/content/sih/en/startupgov/imb.html,https://www.startupindia.gov.in/content/dam/invest-india/Templates/public/Action__Plan.pdf,DOWNLOADED,Scheme_PDFs/Income Tax Exemption Notifications/Action__Plan.pdf
Income Tax Exemption Notifications,https://www.startupindia.gov.in/content/sih/en/startupgov/imb.html,https://www.startupindia.gov.in/content/dam/invest-india/Templates/public/IMB/imb_decisions/10th_Minutesof10thIMBMeeting.pdf,DOWNLOADED,Scheme_PDFs/Income Tax Exemption Notifications/10th_Minutesof10thIMBMeeting.pdf
Income Tax Exemption Notifications,https://www.startupindia.gov.in/content/sih/en/startupgov/imb.html,https://www.startupindia.gov.in/content/dam/invest-india/Templates/public/IMB/imb_decisions/11th_MinutesofMeeting11thIMB.pdf,DOWNLOADED,Scheme_PDFs/Income Tax Exemption Notifications/11th_MinutesofMeeting11thIMB.pdf
Income Tax Exemption Notifications,https://www.startupindia.gov.in/content/sih/en/startupgov/imb.html,https://www.startupindia.gov.in/content/dam/invest-india/Templates/public/IMB/imb_decisions/12th_Minutesofthe12thIMBMeeting.pdf,DOWNLOADED,Scheme_PDFs/Income Tax Exemption Notifications/12th_Minutesofthe12thIMBMeeting.pdf
Income Tax Exemption Notifications,https://www.startupindia.gov.in/content/sih/en/startupgov/imb.html,https://www.startupindia.gov.in/content/dam/invest-india/Templates/public/IMB/imb_decisions/13th_Minutesof13thIMB.pdf,DOWNLOADED,Scheme_PDFs/Income Tax Exemption Notifications/13th_Minutesof13thIMB.pdf
Income Tax Exemption Notifications,https://www.startupindia.gov.in/content/sih/en/startupgov/imb.html,https://www.startupindia.gov.in/content/dam/invest-india/Templates/public/IMB/imb_decisions/14th_MinutesoftheFourteenthInterMinisterialBoardofCertification_Final.pdf,DOWNLOADED,Scheme_PDFs/Income Tax Exemption Notifications/14th_MinutesoftheFourteenthInterMinisterialBoardofCertification_Final.pdf
Income Tax Exemption Notifications,https://www.startupindia.gov.in/content/sih/en/startupgov/imb.html,https://www.startupindia.gov.in/content/dam/invest-india/Templates/public/IMB/imb_decisions/15th_Minutesof15thIMBMeeting.pdf,DOWNLOADED,Scheme_PDFs/Income Tax Exemption Notifications/15th_Minutesof15thIMBMeeting.pdf
Income Tax Exemption Notifications,https://www.startupindia.gov.in/content/sih/en/startupgov/imb.html,https://www.startupindia.gov.in/content/dam/invest-india/Templates/public/IMB/imb_decisions/16th_Minutesof16thIMBMeeting.PDF,DOWNLOADED,Scheme_PDFs/Income Tax Exemption Notifications/16th_Minutesof16thIMBMeeting.PDF
Income Tax Exemption Notifications,https://www.startupindia.gov.in/content/sih/en/startupgov/imb.html,https://www.startupindia.gov.in/content/dam/invest-india/Templates/public/IMB/imb_decisions/17th_Minutesof17thIMBMeeting.pdf,DOWNLOADED,Scheme_PDFs/Income Tax Exemption Notifications/17th_Minutesof17thIMBMeeting.pdf
Income Tax Exemption Notifications,https://www.startupindia.gov.in/content/sih/en/startupgov/imb.html,https://www.startupindia.gov.in/content/dam/invest-india/Templates/public/IMB/imb_decisions/18thIMBDecision_Meeting.pdf,DOWNLOADED,Scheme_PDFs/Income Tax Exemption Notifications/18thIMBDecision_Meeting.pdf
Income Tax Exemption Notifications,https://www.startupindia.gov.in/content/sih/en/startupgov/imb.html,https://www.startupindia.gov.in/content/dam/invest-india/Templates/public/IMB/imb_decisions/19thDecision_MeetingIMB.pdf,DOWNLOADED,Scheme_PDFs/Income Tax Exemption Notifications/19thDecision_MeetingIMB.pdf
Income Tax Exemption Notifications,https://www.startupindia.gov.in/content/sih/en/startupgov/imb.html,https://www.startupindia.gov.in/content/dam/invest-india/Templates/public/IMB/imb_decisions/1st_imb_Decision_of_the_1st_IMB_meeting.pdf,DOWNLOADED,Scheme_PDFs/Income Tax Exemption Notifications/1st_imb_Decision_of_the_1st_IMB_meeting.pdf
Income Tax Exemption Notifications,https://www.startupindia.gov.in/content/sih/en/startupgov/imb.html,https://www.startupindia.gov.in/content/dam/invest-india/Templates/public/IMB/imb_decisions/20thDecision_MeetingIMB.pdf,DOWNLOADED,Scheme_PDFs/Income Tax Exemption Notifications/20thDecision_MeetingIMB.pdf
Income Tax Exemption Notifications,https://www.startupindia.gov.in/content/sih/en/startupgov/imb.html,https://www.startupindia.gov.in/content/dam/invest-india/Templates/public/IMB/imb_decisions/21stIMBMeeting.pdf,DOWNLOADED,Scheme_PDFs/Income Tax Exemption Notifications/21stIMBMeeting.pdf
Income Tax Exemption Notifications,https://www.startupindia.gov.in/content/sih/en/startupgov/imb.html,https://www.startupindia.gov.in/content/dam/invest-india/Templates/public/IMB/imb_decisions/22nd_imb_02_12_2018_Decisionofthe22ndIMBMeeting.pdf,DOWNLOADED,Scheme_PDFs/Income Tax Exemption Notifications/22nd_imb_02_12_2018_Decisionofthe22ndIMBMeeting.pdf
Income Tax Exemption Notifications,https://www.startupindia.gov.in/content/sih/en/startupgov/imb.html,https://www.startupindia.gov.in/content/dam/invest-india/Templates/public/IMB/imb_decisions/23rd_imb_03_07_2018_MinutesoftheTwentyThirdInterMinisterialBoardofCertification.pdf,DOWNLOADED,Scheme_PDFs/Income Tax Exemption Notifications/23rd_imb_03_07_2018_MinutesoftheTwentyThirdInterMinisterialBoardofCertification.pdf
Income Tax Exemption Notifications,https://www.startupindia.gov.in/content/sih/en/startupgov/imb.html,https://www.startupindia.gov.in/content/dam/invest-india/Templates/public/IMB/imb_decisions/24th_imb_03_26_2018_Minutesof24thIMB.pdf,DOWNLOADED,Scheme_PDFs/Income Tax Exemption Notifications/24th_imb_03_26_2018_Minutesof24thIMB.pdf
Income Tax Exemption Notifications,https://www.startupindia.gov.in/content/sih/en/startupgov/imb.html,https://www.startupindia.gov.in/content/dam/invest-india/Templates/public/IMB/imb_decisions/25th_imb_04_12_2018_MergingResult.pdf,DOWNLOADED,Scheme_PDFs/Income Tax Exemption Notifications/25th_imb_04_12_2018_MergingResult.pdf
Income Tax Exemption Notifications,https://www.startupindia.gov.in/content/sih/en/startupgov/imb.html,https://www.startupindia.gov.in/content/dam/invest-india/Templates/public/IMB/imb_decisions/26th_imb_05_14_2018_MinutesoftheTwentySixthInterMinisterialBoard.pdf,DOWNLOADED,Scheme_PDFs/Income Tax Exemption Notifications/26th_imb_05_14_2018_MinutesoftheTwentySixthInterMinisterialBoard.pdf
Income Tax Exemption Notifications,https://www.startupindia.gov.in/content/sih/en/startupgov/imb.html,https://www.startupindia.gov.in/content/dam/invest-india/Templates/public/IMB/imb_decisions/28th_imb_05_14_2018_MinutesoftheTwentyEighthInterMinisterialBoard.pdf,DOWNLOADED,Scheme_PDFs/Income Tax Exemption Notifications/28th_imb_05_14_2018_MinutesoftheTwentyEighthInterMinisterialBoard.pdf
Income Tax Exemption Notifications,https://www.startupindia.gov.in/content/sih/en/startupgov/imb.html,https://www.startupindia.gov.in/content/dam/invest-india/Templates/public/IMB/imb_decisions/29thIMB_DecisionMeeting.pdf,DOWNLOADED,Scheme_PDFs/Income Tax Exemption Notifications/29thIMB_DecisionMeeting.pdf
Income Tax Exemption Notifications,https://www.startupindia.gov.in/content/sih/en/startupgov/imb.html,https://www.startupindia.gov.in/content/dam/invest-india/Templates/public/IMB/imb_decisions/2nd_imb_Decision_of_second_imb.pdf,DOWNLOADED,Scheme_PDFs/Income Tax Exemption Notifications/2nd_imb_Decision_of_second_imb.pdf
Income Tax Exemption Notifications,https://www.startupindia.gov.in/content/sih/en/startupgov/imb.html,https://www.startupindia.gov.in/content/dam/invest-india/Templates/public/IMB/imb_decisions/30th%20IMB%20Minutes%20of%2016_05_2019.pdf,DOWNLOADED,Scheme_PDFs/Income Tax Exemption Notifications/30th_20IMB_20Minutes_20of_2016_05_2019.pdf
Income Tax Exemption Notifications,https://www.startupindia.gov.in/content/sih/en/startupgov/imb.html,https://www.startupindia.gov.in/content/dam/invest-india/Templates/public/IMB/imb_decisions/32nd_IMB_meeting.docx.pdf,DOWNLOADED,Scheme_PDFs/Income Tax Exemption Notifications/32nd_IMB_meeting.docx.pdf
Income Tax Exemption Notifications,https://www.startupindia.gov.in/content/sih/en/startupgov/imb.html,https://www.startupindia.gov.in/content/dam/invest-india/Templates/public/IMB/imb_decisions/33rd%20IMB%20Minutes.pdf,DOWNLOADED,Scheme_PDFs/Income Tax Exemption Notifications/33rd_20IMB_20Minutes.pdf
Income Tax Exemption Notifications,https://www.startupindia.gov.in/content/sih/en/startupgov/imb.html,https://www.startupindia.gov.in/content/dam/invest-india/Templates/public/IMB/imb_decisions/34th%20IMB%20minutes.pdf,DOWNLOADED,Scheme_PDFs/Income Tax Exemption Notifications/34th_20IMB_20minutes.pdf
Income Tax Exemption Notifications,https://www.startupindia.gov.in/content/sih/en/startupgov/imb.html,https://www.startupindia.gov.in/content/dam/invest-india/Templates/public/IMB/imb_decisions/35th%20IMB%20minutes.pdf,DOWNLOADED,Scheme_PDFs/Income Tax Exemption Notifications/35th_20IMB_20minutes.pdf
Income Tax Exemption Notifications,https://www.startupindia.gov.in/content/sih/en/startupgov/imb.html,https://www.startupindia.gov.in/content/dam/invest-india/Templates/public/IMB/imb_decisions/36th%20IMB%20minutes.pdf,DOWNLOADED,Scheme_PDFs/Income Tax Exemption Notifications/36th_20IMB_20minutes.pdf
Income Tax Exemption Notifications,https://www.startupindia.gov.in/content/sih/en/startupgov/imb.html,https://www.startupindia.gov.in/content/dam/invest-india/Templates/public/IMB/imb_decisions/37th%20IMB%20minutes.pdf,DOWNLOADED,Scheme_PDFs/Income Tax Exemption Notifications/37th_20IMB_20minutes.pdf
Income Tax Exemption Notifications,https://www.startupindia.gov.in/content/sih/en/startupgov/imb.html,https://www.startupindia.gov.in/content/dam/invest-india/Templates/public/IMB/imb_decisions/38th%20IMB%20minutes.pdf,DOWNLOADED,Scheme_PDFs/Income Tax Exemption Notifications/38th_20IMB_20minutes.pdf
Income Tax Exemption Notifications,https://www.startupindia.gov.in/content/sih/en/startupgov/imb.html,https://www.startupindia.gov.in/content/dam/invest-india/Templates/public/IMB/imb_decisions/39th%20IMB%20Minutes.pdf,DOWNLOADED,Scheme_PDFs/Income Tax Exemption Notifications/39th_20IMB_20Minutes.pdf
Income Tax Exemption Notifications,https://www.startupindia.gov.in/content/sih/en/startupgov/imb.html,https://www.startupindia.gov.in/content/dam/invest-india/Templates/public/IMB/imb_decisions/3rd_Decision_of_third_imb.pdf,DOWNLOADED,Scheme_PDFs/Income Tax Exemption Notifications/3rd_Decision_of_third_imb.pdf
Income Tax Exemption Notifications,https://www.startupindia.gov.in/content/sih/en/startupgov/imb.html,https://www.startupindia.gov.in/content/dam/invest-india/Templates/public/IMB/imb_decisions/40th%20IMB%20Minutes.pdf,DOWNLOADED,Scheme_PDFs/Income Tax Exemption Notifications/40th_20IMB_20Minutes.pdf
Income Tax Exemption Notifications,https://www.startupindia.gov.in/content/sih/en/startupgov/imb.html,https://www.startupindia.gov.in/content/dam/invest-india/Templates/public/IMB/imb_decisions/41st%20IMB%20Decisions.pdf,DOWNLOADED,Scheme_PDFs/Income Tax Exemption Notifications/41st_20IMB_20Decisions.pdf
Income Tax Exemption Notifications,https://www.startupindia.gov.in/content/sih/en/startupgov/imb.html,https://www.startupindia.gov.in/content/dam/invest-india/Templates/public/IMB/imb_decisions/42nd%20IMB%20Decisions.pdf,DOWNLOADED,Scheme_PDFs/Income Tax Exemption Notifications/42nd_20IMB_20Decisions.pdf
Income Tax Exemption Notifications,https://www.startupindia.gov.in/content/sih/en/startupgov/imb.html,https://www.startupindia.gov.in/content/dam/invest-india/Templates/public/IMB/imb_decisions/4th_Decision_of_the_4th_IMB_meeting.pdf,DOWNLOADED,Scheme_PDFs/Income Tax Exemption Notifications/4th_Decision_of_the_4th_IMB_meeting.pdf
Income Tax Exemption Notifications,https://www.startupindia.gov.in/content/sih/en/startupgov/imb.html,https://www.startupindia.gov.in/content/dam/invest-india/Templates/public/IMB/imb_decisions/56th%20IMB%20Meeting%20Minutes.pdf,DOWNLOADED,Scheme_PDFs/Income Tax Exemption Notifications/56th_20IMB_20Meeting_20Minutes.pdf
Income Tax Exemption Notifications,https://www.startupindia.gov.in/content/sih/en/startupgov/imb.html,https://www.startupindia.gov.in/content/dam/invest-india/Templates/public/IMB/imb_decisions/58th%20IMB%20Meeting%20Minutes.pdf,DOWNLOADED,Scheme_PDFs/Income Tax Exemption Notifications/58th_20IMB_20Meeting_20Minutes.pdf
Income Tax Exemption Notifications,https://www.startupindia.gov.in/content/sih/en/startupgov/imb.html,https://www.startupindia.gov.in/content/dam/invest-india/Templates/public/IMB/imb_decisions/59th%20IMB%20Meeting%20Minutes.pdf,DOWNLOADED,Scheme_PDFs/Income Tax Exemption Notifications/59th_20IMB_20Meeting_20Minutes.pdf
Income Tax Exemption Notifications,https://www.startupindia.gov.in/content/sih/en/startupgov/imb.html,https://www.startupindia.gov.in/content/dam/invest-india/Templates/public/IMB/imb_decisions/5th_Decision_of_the_5th_IMB_meeting.pdf,DOWNLOADED,Scheme_PDFs/Income Tax Exemption Notifications/5th_Decision_of_the_5th_IMB_meeting.pdf
Income Tax Exemption Notifications,https://www.startupindia.gov.in/content/sih/en/startupgov/imb.html,https://www.startupindia.gov.in/content/dam/invest-india/Templates/public/IMB/imb_decisions/6th_Decision_of_the_6th_IMB_meeting.pdf,DOWNLOADED,Scheme_PDFs/Income Tax Exemption Notifications/6th_Decision_of_the_6th_IMB_meeting.pdf
Income Tax Exemption Notifications,https://www.startupindia.gov.in/content/sih/en/startupgov/imb.html,https://www.startupindia.gov.in/content/dam/invest-india/Templates/public/IMB/imb_decisions/76th-imb-meeting-website-minute.pdf,DOWNLOADED,Scheme_PDFs/Income Tax Exemption Notifications/76th-imb-meeting-website-minute.pdf
Income Tax Exemption Notifications,https://www.startupindia.gov.in/content/sih/en/startupgov/imb.html,https://www.startupindia.gov.in/content/dam/invest-india/Templates/public/IMB/imb_decisions/77th-imb-approved-cases-minutes-website.pdf,DOWNLOADED,Scheme_PDFs/Income Tax Exemption Notifications/77th-imb-approved-cases-minutes-website.pdf
Income Tax Exemption Notifications,https://www.startupindia.gov.in/content/sih/en/startupgov/imb.html,https://www.startupindia.gov.in/content/dam/invest-india/Templates/public/IMB/imb_decisions/7th_Decision7thIMB.pdf,DOWNLOADED,Scheme_PDFs/Income Tax Exemption Notifications/7th_Decision7thIMB.pdf
Income Tax Exemption Notifications,https://www.startupindia.gov.in/content/sih/en/startupgov/imb.html,https://www.startupindia.gov.in/content/dam/invest-india/Templates/public/IMB/imb_decisions/8th_IMB_Decisionof8thIMBMeeting.pdf,DOWNLOADED,Scheme_PDFs/Income Tax Exemption Notifications/8th_IMB_Decisionof8thIMBMeeting.pdf
Income Tax Exemption Notifications,https://www.startupindia.gov.in/content/sih/en/startupgov/imb.html,https://www.startupindia.gov.in/content/dam/invest-india/Templates/public/IMB/imb_decisions/9th_Decisionof9thIMBMeeting.pdf,DOWNLOADED,Scheme_PDFs/Income Tax Exemption Notifications/9th_Decisionof9thIMBMeeting.pdf
Income Tax Exemption Notifications,https://www.startupindia.gov.in/content/sih/en/startupgov/imb.html,https://www.startupindia.gov.in/content/dam/invest-india/Templates/public/IMB/imb_decisions/Approved%2051st%20IMB%20Meeting%20Minutes_31st%20Mar.pdf,DOWNLOADED,Scheme_PDFs/Income Tax Exemption Notifications/Approved_2051st_20IMB_20Meeting_20Minutes_31st_20Mar.pdf
Income Tax Exemption Notifications,https://www.startupindia.gov.in/content/sih/en/startupgov/imb.html,https://www.startupindia.gov.in/content/dam/invest-india/Templates/public/IMB/imb_decisions/Approved%20Minutes%20of%2052nd%20IMB%20meeting.pdf,DOWNLOADED,Scheme_PDFs/Income Tax Exemption Notifications/Approved_20Minutes_20of_2052nd_20IMB_20meeting.pdf
Income Tax Exemption Notifications,https://www.startupindia.gov.in/content/sih/en/startupgov/imb.html,https://www.startupindia.gov.in/content/dam/invest-india/Templates/public/IMB/imb_decisions/Approved%20Minutes%20of%20the%2043rd%20IMB%20meeting.pdf,DOWNLOADED,Scheme_PDFs/Income Tax Exemption Notifications/Approved_20Minutes_20of_20the_2043rd_20IMB_20meeting.pdf
Income Tax Exemption Notifications,https://www.startupindia.gov.in/content/sih/en/startupgov/imb.html,https://www.startupindia.gov.in/content/dam/invest-india/Templates/public/IMB/imb_decisions/Approved%20Minutes%20of%20the%2044th%20IMB.pdf,DOWNLOADED,Scheme_PDFs/Income Tax Exemption Notifications/Approved_20Minutes_20of_20the_2044th_20IMB.pdf
Income Tax Exemption Notifications,https://www.startupindia.gov.in/content/sih/en/startupgov/imb.html,https://www.startupindia.gov.in/content/dam/invest-india/Templates/public/IMB/imb_decisions/Approved%20Minutes%20of%20the%2045th%20IMB.pdf,DOWNLOADED,Scheme_PDFs/Income Tax Exemption Notifications/Approved_20Minutes_20of_20the_2045th_20IMB.pdf
Income Tax Exemption Notifications,https://www.startupindia.gov.in/content/sih/en/startupgov/imb.html,https://www.startupindia.gov.in/content/dam/invest-india/Templates/public/IMB/imb_decisions/Approved%20Minutes%20of%20the%2049th%20Inter%20Ministerial%20Board.pdf,DOWNLOADED,Scheme_PDFs/Income Tax Exemption Notifications/Approved_20Minutes_20of_20the_2049th_20Inter_20Ministerial_20Board.pdf
Income Tax Exemption Notifications,https://www.startupindia.gov.in/content/sih/en/startupgov/imb.html,https://www.startupindia.gov.in/content/dam/invest-india/Templates/public/IMB/imb_decisions/Approved%20Minutes%20of%20the%2050th%20IMB%20meeting.pdf,DOWNLOADED,Scheme_PDFs/Income Tax Exemption Notifications/Approved_20Minutes_20of_20the_2050th_20IMB_20meeting.pdf
Income Tax Exemption Notifications,https://www.startupindia.gov.in/content/sih/en/startupgov/imb.html,https://www.startupindia.gov.in/content/dam/invest-india/Templates/public/IMB/imb_decisions/Approved%20Minutes%20of%20the%2065th%20Inter%20Ministerial%20Board.pdf,DOWNLOADED,Scheme_PDFs/Income Tax Exemption Notifications/Approved_20Minutes_20of_20the_2065th_20Inter_20Ministerial_20Board.pdf
Income Tax Exemption Notifications,https://www.startupindia.gov.in/content/sih/en/startupgov/imb.html,https://www.startupindia.gov.in/content/dam/invest-india/Templates/public/IMB/imb_decisions/Approved%20Minutes%20of%20the%2066th%20Inter%20Ministerial%20Board.pdf,DOWNLOADED,Scheme_PDFs/Income Tax Exemption Notifications/Approved_20Minutes_20of_20the_2066th_20Inter_20Ministerial_20Board.pdf
Income Tax Exemption Notifications,https://www.startupindia.gov.in/content/sih/en/startupgov/imb.html,https://www.startupindia.gov.in/content/dam/invest-india/Templates/public/IMB/imb_decisions/Approved%20Minutes%20of%20the%2067th%20Inter%20Ministerial%20Board%20Meeting.pdf,DOWNLOADED,Scheme_PDFs/Income Tax Exemption Notifications/Approved_20Minutes_20of_20the_2067th_20Inter_20Ministerial_20Board_20Meeting.pdf
Income Tax Exemption Notifications,https://www.startupindia.gov.in/content/sih/en/startupgov/imb.html,https://www.startupindia.gov.in/content/dam/invest-india/Templates/public/IMB/imb_decisions/Approved%20Minutes%20of%20the%2069th%20Inter%20Ministerial%20Board.pdf,DOWNLOADED,Scheme_PDFs/Income Tax Exemption Notifications/Approved_20Minutes_20of_20the_2069th_20Inter_20Ministerial_20Board.pdf
Income Tax Exemption Notifications,https://www.startupindia.gov.in/content/sih/en/startupgov/imb.html,https://www.startupindia.gov.in/content/dam/invest-india/Templates/public/IMB/imb_decisions/Approved%20minutes%20of%2027th%20IMB%20meeting.pdf,DOWNLOADED,Scheme_PDFs/Income Tax Exemption Notifications/Approved_20minutes_20of_2027th_20IMB_20meeting.pdf
Income Tax Exemption Notifications,https://www.startupindia.gov.in/content/sih/en/startupgov/imb.html,https://www.startupindia.gov.in/content/dam/invest-india/Templates/public/IMB/imb_decisions/Approved-%2060th%20IMB%20Meeting%20Minutes%20_.pdf,DOWNLOADED,Scheme_PDFs/Income Tax Exemption Notifications/Approved-_2060th_20IMB_20Meeting_20Minutes_20_.pdf
Income Tax Exemption Notifications,https://www.startupindia.gov.in/content/sih/en/startupgov/imb.html,https://www.startupindia.gov.in/content/dam/invest-india/Templates/public/IMB/imb_decisions/Approved_61st%20IMB%20Meeting%20Minutes.pdf,DOWNLOADED,Scheme_PDFs/Income Tax Exemption Notifications/Approved_61st_20IMB_20Meeting_20Minutes.pdf
Income Tax Exemption Notifications,https://www.startupindia.gov.in/content/sih/en/startupgov/imb.html,https://www.startupindia.gov.in/content/dam/invest-india/Templates/public/IMB/imb_decisions/Approved_Minutes%20of%2063rd%20IMB%20Meeting.pdf,DOWNLOADED,Scheme_PDFs/Income Tax Exemption Notifications/Approved_Minutes_20of_2063rd_20IMB_20Meeting.pdf
Income Tax Exemption Notifications,https://www.startupindia.gov.in/content/sih/en/startupgov/imb.html,https://www.startupindia.gov.in/content/dam/invest-india/Templates/public/IMB/imb_decisions/Approved_Minutes%20of%20the%2068th%20Inter%20Ministerial%20Board.pdf,DOWNLOADED,Scheme_PDFs/Income Tax Exemption Notifications/Approved_Minutes_20of_20the_2068th_20Inter_20Ministerial_20Board.pdf
Income Tax Exemption Notifications,https://www.startupindia.gov.in/content/sih/en/startupgov/imb.html,https://www.startupindia.gov.in/content/dam/invest-india/Templates/public/IMB/imb_decisions/Minutes%20of%2054th%20IMB%20meeting.pdf,DOWNLOADED,Scheme_PDFs/Income Tax Exemption Notifications/Minutes_20of_2054th_20IMB_20meeting.pdf
Income Tax Exemption Notifications,https://www.startupindia.gov.in/content/sih/en/startupgov/imb.html,https://www.startupindia.gov.in/content/dam/invest-india/Templates/public/IMB/imb_decisions/Minutes%20of%2057th%20IMB%20Meeting.pdf,DOWNLOADED,Scheme_PDFs/Income Tax Exemption Notifications/Minutes_20of_2057th_20IMB_20Meeting.pdf
Income Tax Exemption Notifications,https://www.startupindia.gov.in/content/sih/en/startupgov/imb.html,https://www.startupindia.gov.in/content/dam/invest-india/Templates/public/IMB/imb_decisions/Minutes%20of%2071st%20IMB%20Meeting.docx.pdf,DOWNLOADED,Scheme_PDFs/Income Tax Exemption Notifications/Minutes_20of_2071st_20IMB_20Meeting.docx.pdf
Income Tax Exemption Notifications,https://www.startupindia.gov.in/content/sih/en/startupgov/imb.html,https://www.startupindia.gov.in/content/dam/invest-india/Templates/public/IMB/imb_decisions/Minutes%20of%2072nd%20Inter%20Ministerial%20Board.pdf,DOWNLOADED,Scheme_PDFs/Income Tax Exemption Notifications/Minutes_20of_2072nd_20Inter_20Ministerial_20Board.pdf
Income Tax Exemption Notifications,https://www.startupindia.gov.in/content/sih/en/startupgov/imb.html,https://www.startupindia.gov.in/content/dam/invest-india/Templates/public/IMB/imb_decisions/Minutes%20of%20the%2046th%20IMB%20meeting.pdf,DOWNLOADED,Scheme_PDFs/Income Tax Exemption Notifications/Minutes_20of_20the_2046th_20IMB_20meeting.pdf
Income Tax Exemption Notifications,https://www.startupindia.gov.in/content/sih/en/startupgov/imb.html,https://www.startupindia.gov.in/content/dam/invest-india/Templates/public/IMB/imb_decisions/Minutes%20of%20the%2047th%20Inter%20Ministerial%20Board.pdf,DOWNLOADED,Scheme_PDFs/Income Tax Exemption Notifications/Minutes_20of_20the_2047th_20Inter_20Ministerial_20Board.pdf
Income Tax Exemption Notifications,https://www.startupindia.gov.in/content/sih/en/startupgov/imb.html,https://www.startupindia.gov.in/content/dam/invest-india/Templates/public/IMB/imb_decisions/Minutes%20of%20the%2048th%20Inter%20Ministerial%20Board.pdf,DOWNLOADED,Scheme_PDFs/Income Tax Exemption Notifications/Minutes_20of_20the_2048th_20Inter_20Ministerial_20Board.pdf
Income Tax Exemption Notifications,https://www.startupindia.gov.in/content/sih/en/startupgov/imb.html,https://www.startupindia.gov.in/content/dam/invest-india/Templates/public/IMB/imb_decisions/Minutes%20of%20the%2053rd%20Inter%20Ministerial%20Board.pdf,DOWNLOADED,Scheme_PDFs/Income Tax Exemption Notifications/Minutes_20of_20the_2053rd_20Inter_20Ministerial_20Board.pdf
Income Tax Exemption Notifications,https://www.startupindia.gov.in/content/sih/en/startupgov/imb.html,https://www.startupindia.gov.in/content/dam/invest-india/Templates/public/IMB/imb_decisions/Minutes%20of%20the%2062nd%20Inter%20Ministerial%20Board.pdf,DOWNLOADED,Scheme_PDFs/Income Tax Exemption Notifications/Minutes_20of_20the_2062nd_20Inter_20Ministerial_20Board.pdf
Income Tax Exemption Notifications,https://www.startupindia.gov.in/content/sih/en/startupgov/imb.html,https://www.startupindia.gov.in/content/dam/invest-india/Templates/public/IMB/imb_decisions/Minutes%20of%20the%2064th%20Inter%20Ministerial%20Board.pdf,DOWNLOADED,Scheme_PDFs/Income Tax Exemption Notifications/Minutes_20of_20the_2064th_20Inter_20Ministerial_20Board.pdf
Income Tax Exemption Notifications,https://www.startupindia.gov.in/content/sih/en/startupgov/imb.html,https://www.startupindia.gov.in/content/dam/invest-india/Templates/public/IMB/imb_decisions/Minutes%20of%20the%2070th%20Inter%20Ministerial%20Board%20Meeting%20(1).pdf,DOWNLOADED,Scheme_PDFs/Income Tax Exemption Notifications/Minutes_20of_20the_2070th_20Inter_20Ministerial_20Board_20Meeting_20_1_.pdf
Income Tax Exemption Notifications,https://www.startupindia.gov.in/content/sih/en/startupgov/imb.html,https://www.startupindia.gov.in/content/dam/invest-india/Templates/public/IMB/imb_decisions/Revised%20Minutes%20of%2074th%20IMB%20Meeting_10.06.2024.pdf,DOWNLOADED,Scheme_PDFs/Income Tax Exemption Notifications/Revised_20Minutes_20of_2074th_20IMB_20Meeting_10.06.2024.pdf
Income Tax Exemption Notifications,https://www.startupindia.gov.in/content/sih/en/startupgov/imb.html,https://www.startupindia.gov.in/content/dam/invest-india/Templates/public/IMB/imb_decisions/signed-minutes-of-73rd-imb.pdf,DOWNLOADED,Scheme_PDFs/Income Tax Exemption Notifications/signed-minutes-of-73rd-imb.pdf
Income Tax Exemption Notifications,https://www.startupindia.gov.in/content/sih/en/startupgov/imb.html,https://www.startupindia.gov.in/content/dam/invest-india/Templates/public/IMB/imb_decisions/signed-minutes-of-75th-imb-meeting.pdf,DOWNLOADED,Scheme_PDFs/Income Tax Exemption Notifications/signed-minutes-of-75th-imb-meeting.pdf
Income Tax Exemption Notifications,https://www.startupindia.gov.in/content/sih/en/startupgov/imb.html,https://www.startupindia.gov.in/content/dam/invest-india/Templates/public/IMB/imb_meetings/10th_meeting%20of%20the%20IMB.pdf,DOWNLOADED,Scheme_PDFs/Income Tax Exemption Notifications/10th_meeting_20of_20the_20IMB.pdf
Income Tax Exemption Notifications,https://www.startupindia.gov.in/content/sih/en/startupgov/imb.html,https://www.startupindia.gov.in/content/dam/invest-india/Templates/public/IMB/imb_meetings/11th_IMB_Meeting_Notice.pdf,DOWNLOADED,Scheme_PDFs/Income Tax Exemption Notifications/11th_IMB_Meeting_Notice.pdf
Income Tax Exemption Notifications,https://www.startupindia.gov.in/content/sih/en/startupgov/imb.html,https://www.startupindia.gov.in/content/dam/invest-india/Templates/public/IMB/imb_meetings/12thIMB_Meeting_Notice.pdf,DOWNLOADED,Scheme_PDFs/Income Tax Exemption Notifications/12thIMB_Meeting_Notice.pdf
Income Tax Exemption Notifications,https://www.startupindia.gov.in/content/sih/en/startupgov/imb.html,https://www.startupindia.gov.in/content/dam/invest-india/Templates/public/IMB/imb_meetings/13th_MeetingNotice_IMB.pdf,DOWNLOADED,Scheme_PDFs/Income Tax Exemption Notifications/13th_MeetingNotice_IMB.pdf
Income Tax Exemption Notifications,https://www.startupindia.gov.in/content/sih/en/startupgov/imb.html,https://www.startupindia.gov.in/content/dam/invest-india/Templates/public/IMB/imb_meetings/14thIMBMeetingNotice.pdf,DOWNLOADED,Scheme_PDFs/Income Tax Exemption Notifications/14thIMBMeetingNotice.pdf
Income Tax Exemption Notifications,https://www.startupindia.gov.in/content/sih/en/startupgov/imb.html,https://www.startupindia.gov.in/content/dam/invest-india/Templates/public/IMB/imb_meetings/15thIMBnotice.pdf,DOWNLOADED,Scheme_PDFs/Income Tax Exemption Notifications/15thIMBnotice.pdf
Income Tax Exemption Notifications,https://www.startupindia.gov.in/content/sih/en/startupgov/imb.html,https://www.startupindia.gov.in/content/dam/invest-india/Templates/public/IMB/imb_meetings/16thIMBNotice.pdf,DOWNLOADED,Scheme_PDFs/Income Tax Exemption Notifications/16thIMBNotice.pdf
Income Tax Exemption Notifications,https://www.startupindia.gov.in/content/sih/en/startupgov/imb.html,https://www.startupindia.gov.in/content/dam/invest-india/Templates/public/IMB/imb_meetings/17thIMBMeetingNotice.pdf,DOWNLOADED,Scheme_PDFs/Income Tax Exemption Notifications/17thIMBMeetingNotice.pdf
Income Tax Exemption Notifications,https://www.startupindia.gov.in/content/sih/en/startupgov/imb.html,https://www.startupindia.gov.in/content/dam/invest-india/Templates/public/IMB/imb_meetings/18thIMBNotice.pdf,DOWNLOADED,Scheme_PDFs/Income Tax Exemption Notifications/18thIMBNotice.pdf
Income Tax Exemption Notifications,https://www.startupindia.gov.in/content/sih/en/startupgov/imb.html,https://www.startupindia.gov.in/content/dam/invest-india/Templates/public/IMB/imb_meetings/19thMeetingNotice.pdf,DOWNLOADED,Scheme_PDFs/Income Tax Exemption Notifications/19thMeetingNotice.pdf
Income Tax Exemption Notifications,https://www.startupindia.gov.in/content/sih/en/startupgov/imb.html,https://www.startupindia.gov.in/content/dam/invest-india/Templates/public/IMB/imb_meetings/20thIMBNotice(2).pdf,DOWNLOADED,Scheme_PDFs/Income Tax Exemption Notifications/20thIMBNotice_2_.pdf
Income Tax Exemption Notifications,https://www.startupindia.gov.in/content/sih/en/startupgov/imb.html,https://www.startupindia.gov.in/content/dam/invest-india/Templates/public/IMB/imb_meetings/21stIMBmeetingnotice.pdf,DOWNLOADED,Scheme_PDFs/Income Tax Exemption Notifications/21stIMBmeetingnotice.pdf
Income Tax Exemption Notifications,https://www.startupindia.gov.in/content/sih/en/startupgov/imb.html,https://www.startupindia.gov.in/content/dam/invest-india/Templates/public/IMB/imb_meetings/22ndimb_01_17_2018_MeetingNotice.pdf,DOWNLOADED,Scheme_PDFs/Income Tax Exemption Notifications/22ndimb_01_17_2018_MeetingNotice.pdf
Income Tax Exemption Notifications,https://www.startupindia.gov.in/content/sih/en/startupgov/imb.html,https://www.startupindia.gov.in/content/dam/invest-india/Templates/public/IMB/imb_meetings/23rd_Meeting_imb_02_15_2018_MeetingNotice.pdf,DOWNLOADED,Scheme_PDFs/Income Tax Exemption Notifications/23rd_Meeting_imb_02_15_2018_MeetingNotice.pdf
Income Tax Exemption Notifications,https://www.startupindia.gov.in/content/sih/en/startupgov/imb.html,https://www.startupindia.gov.in/content/dam/invest-india/Templates/public/IMB/imb_meetings/25th_imb_04_05_2018_25thIMBMeetingNotice.pdf,DOWNLOADED,Scheme_PDFs/Income Tax Exemption Notifications/25th_imb_04_05_2018_25thIMBMeetingNotice.pdf
Income Tax Exemption Notifications,https://www.startupindia.gov.in/content/sih/en/startupgov/imb.html,https://www.startupindia.gov.in/content/dam/invest-india/Templates/public/IMB/imb_meetings/26th_imb_05_14_2018_MeetingnoticeIMB.pdf,DOWNLOADED,Scheme_PDFs/Income Tax Exemption Notifications/26th_imb_05_14_2018_MeetingnoticeIMB.pdf
Income Tax Exemption Notifications,https://www.startupindia.gov.in/content/sih/en/startupgov/imb.html,https://www.startupindia.gov.in/content/dam/invest-india/Templates/public/IMB/imb_meetings/27th%20IMB%20meeting.pdf,DOWNLOADED,Scheme_PDFs/Income Tax Exemption Notifications/27th_20IMB_20meeting.pdf
Income Tax Exemption Notifications,https://www.startupindia.gov.in/content/sih/en/startupgov/imb.html,https://www.startupindia.gov.in/content/dam/invest-india/Templates/public/IMB/imb_meetings/28_IMB_meeting_notice.pdf,DOWNLOADED,Scheme_PDFs/Income Tax Exemption Notifications/28_IMB_meeting_notice.pdf
Income Tax Exemption Notifications,https://www.startupindia.gov.in/content/sih/en/startupgov/imb.html,https://www.startupindia.gov.in/content/dam/invest-india/Templates/public/IMB/imb_meetings/29th_IMB_meetingnotice.pdf,DOWNLOADED,Scheme_PDFs/Income Tax Exemption Notifications/29th_IMB_meetingnotice.pdf
Income Tax Exemption Notifications,https://www.startupindia.gov.in/content/sih/en/startupgov/imb.html,https://www.startupindia.gov.in/content/dam/invest-india/Templates/public/IMB/imb_meetings/2nd_meeting_of_the_IMB.pdf,DOWNLOADED,Scheme_PDFs/Income Tax Exemption Notifications/2nd_meeting_of_the_IMB.pdf
Income Tax Exemption Notifications,https://www.startupindia.gov.in/content/sih/en/startupgov/imb.html,https://www.startupindia.gov.in/content/dam/invest-india/Templates/public/IMB/imb_meetings/30%20IMB%20meeting%20notice%208%20may.pdf,DOWNLOADED,Scheme_PDFs/Income Tax Exemption Notifications/30_20IMB_20meeting_20notice_208_20may.pdf
Income Tax Exemption Notifications,https://www.startupindia.gov.in/content/sih/en/startupgov/imb.html,https://www.startupindia.gov.in/content/dam/invest-india/Templates/public/IMB/imb_meetings/31st_IMB%20meeting%20notice%2018%20June%202019.pdf,DOWNLOADED,Scheme_PDFs/Income Tax Exemption Notifications/31st_IMB_20meeting_20notice_2018_20June_202019.pdf
Income Tax Exemption Notifications,https://www.startupindia.gov.in/content/sih/en/startupgov/imb.html,https://www.startupindia.gov.in/content/dam/invest-india/Templates/public/IMB/imb_meetings/31st_imb_minutes.pdf,DOWNLOADED,Scheme_PDFs/Income Tax Exemption Notifications/31st_imb_minutes.pdf
Income Tax Exemption Notifications,https://www.startupindia.gov.in/content/sih/en/startupgov/imb.html,https://www.startupindia.gov.in/content/dam/invest-india/Templates/public/IMB/imb_meetings/32nd_IMB_meeting_notice.pdf,DOWNLOADED,Scheme_PDFs/Income Tax Exemption Notifications/32nd_IMB_meeting_notice.pdf
Income Tax Exemption Notifications,https://www.startupindia.gov.in/content/sih/en/startupgov/imb.html,https://www.startupindia.gov.in/content/dam/invest-india/Templates/public/IMB/imb_meetings/33rd%20IMB%20meeting%20notice.pdf,DOWNLOADED,Scheme_PDFs/Income Tax Exemption Notifications/33rd_20IMB_20meeting_20notice.pdf
Income Tax Exemption Notifications,https://www.startupindia.gov.in/content/sih/en/startupgov/imb.html,https://www.startupindia.gov.in/content/dam/invest-india/Templates/public/IMB/imb_meetings/34th%20IMB%20meeting%20notice.pdf,DOWNLOADED,Scheme_PDFs/Income Tax Exemption Notifications/34th_20IMB_20meeting_20notice.pdf
Income Tax Exemption Notifications,https://www.startupindia.gov.in/content/sih/en/startupgov/imb.html,https://www.startupindia.gov.in/content/dam/invest-india/Templates/public/IMB/imb_meetings/35th%20IMB%20meeting%20notice.pdf,DOWNLOADED,Scheme_PDFs/Income Tax Exemption Notifications/35th_20IMB_20meeting_20notice.pdf
Income Tax Exemption Notifications,https://www.startupindia.gov.in/content/sih/en/startupgov/imb.html,https://www.startupindia.gov.in/content/dam/invest-india/Templates/public/IMB/imb_meetings/36th%20IMB%20meeting%20notice.pdf,DOWNLOADED,Scheme_PDFs/Income Tax Exemption Notifications/36th_20IMB_20meeting_20notice.pdf
Income Tax Exemption Notifications,https://www.startupindia.gov.in/content/sih/en/startupgov/imb.html,https://www.startupindia.gov.in/content/dam/invest-india/Templates/public/IMB/imb_meetings/37th%20IMB%20meeting%20notice.pdf,DOWNLOADED,Scheme_PDFs/Income Tax Exemption Notifications/37th_20IMB_20meeting_20notice.pdf
Income Tax Exemption Notifications,https://www.startupindia.gov.in/content/sih/en/startupgov/imb.html,https://www.startupindia.gov.in/content/dam/invest-india/Templates/public/IMB/imb_meetings/38th%20IMB%20meeting%20notice.pdf,DOWNLOADED,Scheme_PDFs/Income Tax Exemption Notifications/38th_20IMB_20meeting_20notice.pdf
Income Tax Exemption Notifications,https://www.startupindia.gov.in/content/sih/en/startupgov/imb.html,https://www.startupindia.gov.in/content/dam/invest-india/Templates/public/IMB/imb_meetings/39%20imb%20meeting.pdf,DOWNLOADED,Scheme_PDFs/Income Tax Exemption Notifications/39_20imb_20meeting.pdf
Income Tax Exemption Notifications,https://www.startupindia.gov.in/content/sih/en/startupgov/imb.html,https://www.startupindia.gov.in/content/dam/invest-india/Templates/public/IMB/imb_meetings/3rd_meeting_of_the_IMB.pdf,DOWNLOADED,Scheme_PDFs/Income Tax Exemption Notifications/3rd_meeting_of_the_IMB.pdf
Income Tax Exemption Notifications,https://www.startupindia.gov.in/content/sih/en/startupgov/imb.html,https://www.startupindia.gov.in/content/dam/invest-india/Templates/public/IMB/imb_meetings/40th%20IMB%20meeting%20notice.pdf,DOWNLOADED,Scheme_PDFs/Income Tax Exemption Notifications/40th_20IMB_20meeting_20notice.pdf
Income Tax Exemption Notifications,https://www.startupindia.gov.in/content/sih/en/startupgov/imb.html,https://www.startupindia.gov.in/content/dam/invest-india/Templates/public/IMB/imb_meetings/42nd%20IMB%20Meeting.pdf,DOWNLOADED,Scheme_PDFs/Income Tax Exemption Notifications/42nd_20IMB_20Meeting.pdf
Income Tax Exemption Notifications,https://www.startupindia.gov.in/content/sih/en/startupgov/imb.html,https://www.startupindia.gov.in/content/dam/invest-india/Templates/public/IMB/imb_meetings/43rd_IMB_meeting.pdf,DOWNLOADED,Scheme_PDFs/Income Tax Exemption Notifications/43rd_IMB_meeting.pdf
Income Tax Exemption Notifications,https://www.startupindia.gov.in/content/sih/en/startupgov/imb.html,https://www.startupindia.gov.in/content/dam/invest-india/Templates/public/IMB/imb_meetings/46th%20imb.pdf,DOWNLOADED,Scheme_PDFs/Income Tax Exemption Notifications/46th_20imb.pdf
Income Tax Exemption Notifications,https://www.startupindia.gov.in/content/sih/en/startupgov/imb.html,https://www.startupindia.gov.in/content/dam/invest-india/Templates/public/IMB/imb_meetings/47th%20Meeting-IMB.pdf,DOWNLOADED,Scheme_PDFs/Income Tax Exemption Notifications/47th_20Meeting-IMB.pdf
Income Tax Exemption Notifications,https://www.startupindia.gov.in/content/sih/en/startupgov/imb.html,https://www.startupindia.gov.in/content/dam/invest-india/Templates/public/IMB/imb_meetings/48th%20IMB%20meting%20notice.pdf,DOWNLOADED,Scheme_PDFs/Income Tax Exemption Notifications/48th_20IMB_20meting_20notice.pdf
Income Tax Exemption Notifications,https://www.startupindia.gov.in/content/sih/en/startupgov/imb.html,https://www.startupindia.gov.in/content/dam/invest-india/Templates/public/IMB/imb_meetings/49th%20IMB%20meeting%20Notice.pdf,DOWNLOADED,Scheme_PDFs/Income Tax Exemption Notifications/49th_20IMB_20meeting_20Notice.pdf
Income Tax Exemption Notifications,https://www.startupindia.gov.in/content/sih/en/startupgov/imb.html,https://www.startupindia.gov.in/content/dam/invest-india/Templates/public/IMB/imb_meetings/4th_Meeting_of_IMB.pdf,DOWNLOADED,Scheme_PDFs/Income Tax Exemption Notifications/4th_Meeting_of_IMB.pdf
Income Tax Exemption Notifications,https://www.startupindia.gov.in/content/sih/en/startupgov/imb.html,https://www.startupindia.gov.in/content/dam/invest-india/Templates/public/IMB/imb_meetings/51st%20IMB%20meeting%20notice.pdf,DOWNLOADED,Scheme_PDFs/Income Tax Exemption Notifications/51st_20IMB_20meeting_20notice.pdf
Income Tax Exemption Notifications,https://www.startupindia.gov.in/content/sih/en/startupgov/imb.html,https://www.startupindia.gov.in/content/dam/invest-india/Templates/public/IMB/imb_meetings/52nd-meeting-of-imb.pdf,DOWNLOADED,Scheme_PDFs/Income Tax Exemption Notifications/52nd-meeting-of-imb.pdf
Income Tax Exemption Notifications,https://www.startupindia.gov.in/content/sih/en/startupgov/imb.html,https://www.startupindia.gov.in/content/dam/invest-india/Templates/public/IMB/imb_meetings/53rd%20meeting%20of%20IMB.pdf,DOWNLOADED,Scheme_PDFs/Income Tax Exemption Notifications/53rd_20meeting_20of_20IMB.pdf
Income Tax Exemption Notifications,https://www.startupindia.gov.in/content/sih/en/startupgov/imb.html,https://www.startupindia.gov.in/content/dam/invest-india/Templates/public/IMB/imb_meetings/54th%20IMB%20Meeting%20Notice%20rev.pdf,DOWNLOADED,Scheme_PDFs/Income Tax Exemption Notifications/54th_20IMB_20Meeting_20Notice_20rev.pdf
Income Tax Exemption Notifications,https://www.startupindia.gov.in/content/sih/en/startupgov/imb.html,https://www.startupindia.gov.in/content/dam/invest-india/Templates/public/IMB/imb_meetings/56th%20IMB%20Meeting%20Notice.pdf,DOWNLOADED,Scheme_PDFs/Income Tax Exemption Notifications/56th_20IMB_20Meeting_20Notice.pdf
Income Tax Exemption Notifications,https://www.startupindia.gov.in/content/sih/en/startupgov/imb.html,https://www.startupindia.gov.in/content/dam/invest-india/Templates/public/IMB/imb_meetings/5thMeeting_of_IMB.pdf,DOWNLOADED,Scheme_PDFs/Income Tax Exemption Notifications/5thMeeting_of_IMB.pdf
Income Tax Exemption Notifications,https://www.startupindia.gov.in/content/sih/en/startupgov/imb.html,https://www.startupindia.gov.in/content/dam/invest-india/Templates/public/IMB/imb_meetings/69th%20IMB%20Meeting%20Notice.pdf,DOWNLOADED,Scheme_PDFs/Income Tax Exemption Notifications/69th_20IMB_20Meeting_20Notice.pdf
Income Tax Exemption Notifications,https://www.startupindia.gov.in/content/sih/en/startupgov/imb.html,https://www.startupindia.gov.in/content/dam/invest-india/Templates/public/IMB/imb_meetings/6th_IMB_Meeting_Notice.pdf,DOWNLOADED,Scheme_PDFs/Income Tax Exemption Notifications/6th_IMB_Meeting_Notice.pdf
Income Tax Exemption Notifications,https://www.startupindia.gov.in/content/sih/en/startupgov/imb.html,https://www.startupindia.gov.in/content/dam/invest-india/Templates/public/IMB/imb_meetings/77th-imb-meeting-notice.pdf,DOWNLOADED,Scheme_PDFs/Income Tax Exemption Notifications/77th-imb-meeting-notice.pdf
Income Tax Exemption Notifications,https://www.startupindia.gov.in/content/sih/en/startupgov/imb.html,https://www.startupindia.gov.in/content/dam/invest-india/Templates/public/IMB/imb_meetings/83rd-IMB-Minutes_Website.pdf,DOWNLOADED,Scheme_PDFs/Income Tax Exemption Notifications/83rd-IMB-Minutes_Website.pdf
Income Tax Exemption Notifications,https://www.startupindia.gov.in/content/sih/en/startupgov/imb.html,https://www.startupindia.gov.in/content/dam/invest-india/Templates/public/IMB/imb_meetings/84th-IMB-Minutes_Website.pdf,DOWNLOADED,Scheme_PDFs/Income Tax Exemption Notifications/84th-IMB-Minutes_Website.pdf
Income Tax Exemption Notifications,https://www.startupindia.gov.in/content/sih/en/startupgov/imb.html,https://www.startupindia.gov.in/content/dam/invest-india/Templates/public/IMB/imb_meetings/85th-IMB.pdf,DOWNLOADED,Scheme_PDFs/Income Tax Exemption Notifications/85th-IMB.pdf
Income Tax Exemption Notifications,https://www.startupindia.gov.in/content/sih/en/startupgov/imb.html,https://www.startupindia.gov.in/content/dam/invest-india/Templates/public/IMB/imb_meetings/86th-IMB.pdf,DOWNLOADED,Scheme_PDFs/Income Tax Exemption Notifications/86th-IMB.pdf
Income Tax Exemption Notifications,https://www.startupindia.gov.in/content/sih/en/startupgov/imb.html,https://www.startupindia.gov.in/content/dam/invest-india/Templates/public/IMB/imb_meetings/8th_meeting%20of%20the%20IMB.pdf,DOWNLOADED,Scheme_PDFs/Income Tax Exemption Notifications/8th_meeting_20of_20the_20IMB.pdf
Income Tax Exemption Notifications,https://www.startupindia.gov.in/content/sih/en/startupgov/imb.html,https://www.startupindia.gov.in/content/dam/invest-india/Templates/public/IMB/imb_meetings/9th_meeting%20of%20the%20IMB.pdf,DOWNLOADED,Scheme_PDFs/Income Tax Exemption Notifications/9th_meeting_20of_20the_20IMB.pdf
Income Tax Exemption Notifications,https://www.startupindia.gov.in/content/sih/en/startupgov/imb.html,https://www.startupindia.gov.in/content/dam/invest-india/Templates/public/IMB/imb_meetings/E77670J9X114187_04202022_172320_004106.pdf,DOWNLOADED,Scheme_PDFs/Income Tax Exemption Notifications/E77670J9X114187_04202022_172320_004106.pdf
Income Tax Exemption Notifications,https://www.startupindia.gov.in/content/sih/en/startupgov/imb.html,https://www.startupindia.gov.in/content/dam/invest-india/Templates/public/IMB/imb_meetings/E77670J9X114187_07012022_111439_004496.pdf,DOWNLOADED,Scheme_PDFs/Income Tax Exemption Notifications/E77670J9X114187_07012022_111439_004496.pdf
Income Tax Exemption Notifications,https://www.startupindia.gov.in/content/sih/en/startupgov/imb.html,https://www.startupindia.gov.in/content/dam/invest-india/Templates/public/IMB/imb_meetings/E77670J9X114187_10102022_153649_005174.pdf,DOWNLOADED,Scheme_PDFs/Income Tax Exemption Notifications/E77670J9X114187_10102022_153649_005174.pdf
Income Tax Exemption Notifications,https://www.startupindia.gov.in/content/sih/en/startupgov/imb.html,https://www.startupindia.gov.in/content/dam/invest-india/Templates/public/IMB/imb_meetings/E77670J9X114187_11012021_174327_002840.pdf,DOWNLOADED,Scheme_PDFs/Income Tax Exemption Notifications/E77670J9X114187_11012021_174327_002840.pdf
Income Tax Exemption Notifications,https://www.startupindia.gov.in/content/sih/en/startupgov/imb.html,https://www.startupindia.gov.in/content/dam/invest-india/Templates/public/IMB/imb_meetings/Meeting%20Notice%2024032022.pdf,DOWNLOADED,Scheme_PDFs/Income Tax Exemption Notifications/Meeting_20Notice_2024032022.pdf
Income Tax Exemption Notifications,https://www.startupindia.gov.in/content/sih/en/startupgov/imb.html,https://www.startupindia.gov.in/content/dam/invest-india/Templates/public/IMB/imb_meetings/Meeting%20Notice%20dated%2013062022.pdf,DOWNLOADED,Scheme_PDFs/Income Tax Exemption Notifications/Meeting_20Notice_20dated_2013062022.pdf
Income Tax Exemption Notifications,https://www.startupindia.gov.in/content/sih/en/startupgov/imb.html,https://www.startupindia.gov.in/content/dam/invest-india/Templates/public/IMB/imb_meetings/Meeting%20Notice%20dated%2013092022.pdf,DOWNLOADED,Scheme_PDFs/Income Tax Exemption Notifications/Meeting_20Notice_20dated_2013092022.pdf
Income Tax Exemption Notifications,https://www.startupindia.gov.in/content/sih/en/startupgov/imb.html,https://www.startupindia.gov.in/content/dam/invest-india/Templates/public/IMB/imb_meetings/Meeting%20Notice%20reg%2074th%20IMB%20meeting%20(1).pdf,DOWNLOADED,Scheme_PDFs/Income Tax Exemption Notifications/Meeting_20Notice_20reg_2074th_20IMB_20meeting_20_1_.pdf
Income Tax Exemption Notifications,https://www.startupindia.gov.in/content/sih/en/startupgov/imb.html,https://www.startupindia.gov.in/content/dam/invest-india/Templates/public/IMB/imb_meetings/Meeting%20Notice-44th%20IMB.pdf,DOWNLOADED,Scheme_PDFs/Income Tax Exemption Notifications/Meeting_20Notice-44th_20IMB.pdf
Income Tax Exemption Notifications,https://www.startupindia.gov.in/content/sih/en/startupgov/imb.html,https://www.startupindia.gov.in/content/dam/invest-india/Templates/public/IMB/imb_meetings/Meeting%20Notice-IMB%2045th.pdf,DOWNLOADED,Scheme_PDFs/Income Tax Exemption Notifications/Meeting_20Notice-IMB_2045th.pdf
Income Tax Exemption Notifications,https://www.startupindia.gov.in/content/sih/en/startupgov/imb.html,https://www.startupindia.gov.in/content/dam/invest-india/Templates/public/IMB/imb_meetings/Meeting%20Notice.pdf,DOWNLOADED,Scheme_PDFs/Income Tax Exemption Notifications/Meeting_20Notice.pdf
Income Tax Exemption Notifications,https://www.startupindia.gov.in/content/sih/en/startupgov/imb.html,https://www.startupindia.gov.in/content/dam/invest-india/Templates/public/IMB/imb_meetings/Meeting%20Notice_58th%20IMB.pdf,DOWNLOADED,Scheme_PDFs/Income Tax Exemption Notifications/Meeting_20Notice_58th_20IMB.pdf
Income Tax Exemption Notifications,https://www.startupindia.gov.in/content/sih/en/startupgov/imb.html,https://www.startupindia.gov.in/content/dam/invest-india/Templates/public/IMB/imb_meetings/Meeting%20Notice_59th%20IMB.pdf,DOWNLOADED,Scheme_PDFs/Income Tax Exemption Notifications/Meeting_20Notice_59th_20IMB.pdf
Income Tax Exemption Notifications,https://www.startupindia.gov.in/content/sih/en/startupgov/imb.html,https://www.startupindia.gov.in/content/dam/invest-india/Templates/public/IMB/imb_meetings/Meeting%20Notice_66th%20IMB.pdf,DOWNLOADED,Scheme_PDFs/Income Tax Exemption Notifications/Meeting_20Notice_66th_20IMB.pdf
Income Tax Exemption Notifications,https://www.startupindia.gov.in/content/sih/en/startupgov/imb.html,https://www.startupindia.gov.in/content/dam/invest-india/Templates/public/IMB/imb_meetings/Meeting%20Notice_68th.pdf,DOWNLOADED,Scheme_PDFs/Income Tax Exemption Notifications/Meeting_20Notice_68th.pdf
Income Tax Exemption Notifications,https://www.startupindia.gov.in/content/sih/en/startupgov/imb.html,https://www.startupindia.gov.in/content/dam/invest-india/Templates/public/IMB/imb_meetings/Meeting%20Notice_71st.pdf,DOWNLOADED,Scheme_PDFs/Income Tax Exemption Notifications/Meeting_20Notice_71st.pdf
Income Tax Exemption Notifications,https://www.startupindia.gov.in/content/sih/en/startupgov/imb.html,https://www.startupindia.gov.in/content/dam/invest-india/Templates/public/IMB/imb_meetings/Minutes%20of%20the%2070th%20Inter%20Ministerial%20Board%20Meeting%20(2).pdf,DOWNLOADED,Scheme_PDFs/Income Tax Exemption Notifications/Minutes_20of_20the_2070th_20Inter_20Ministerial_20Board_20Meeting_20_2_.pdf
Income Tax Exemption Notifications,https://www.startupindia.gov.in/content/sih/en/startupgov/imb.html,https://www.startupindia.gov.in/content/dam/invest-india/Templates/public/IMB/imb_meetings/Minutes_87th-IMB.pdf,DOWNLOADED,Scheme_PDFs/Income Tax Exemption Notifications/Minutes_87th-IMB.pdf
Income Tax Exemption Notifications,https://www.startupindia.gov.in/content/sih/en/startupgov/imb.html,https://www.startupindia.gov.in/content/dam/invest-india/Templates/public/IMB/imb_meetings/Minutes_88th-IMB.pdf,DOWNLOADED,Scheme_PDFs/Income Tax Exemption Notifications/Minutes_88th-IMB.pdf
Income Tax Exemption Notifications,https://www.startupindia.gov.in/content/sih/en/startupgov/imb.html,https://www.startupindia.gov.in/content/dam/invest-india/Templates/public/IMB/imb_meetings/Minutes_89th-IMB.pdf,DOWNLOADED,Scheme_PDFs/Income Tax Exemption Notifications/Minutes_89th-IMB.pdf
Income Tax Exemption Notifications,https://www.startupindia.gov.in/content/sih/en/startupgov/imb.html,https://www.startupindia.gov.in/content/dam/invest-india/Templates/public/IMB/imb_meetings/Notice%20-%2055th%20IMB%20Meeting.pdf,DOWNLOADED,Scheme_PDFs/Income Tax Exemption Notifications/Notice_20-_2055th_20IMB_20Meeting.pdf
Income Tax Exemption Notifications,https://www.startupindia.gov.in/content/sih/en/startupgov/imb.html,https://www.startupindia.gov.in/content/dam/invest-india/Templates/public/IMB/imb_meetings/clarification-by-cbdt.pdf,DOWNLOADED,Scheme_PDFs/Income Tax Exemption Notifications/clarification-by-cbdt.pdf
Income Tax Exemption Notifications,https://www.startupindia.gov.in/content/sih/en/startupgov/imb.html,https://www.startupindia.gov.in/content/dam/invest-india/Templates/public/IMB/imb_meetings/eighty-two-meeting-of-imb.pdf,DOWNLOADED,Scheme_PDFs/Income Tax Exemption Notifications/eighty-two-meeting-of-imb.pdf
Income Tax Exemption Notifications,https://www.startupindia.gov.in/content/sih/en/startupgov/imb.html,https://www.startupindia.gov.in/content/dam/invest-india/Templates/public/IMB/imb_meetings/eightyfirst-imb-Meeting.pdf,DOWNLOADED,Scheme_PDFs/Income Tax Exemption Notifications/eightyfirst-imb-Meeting.pdf
Income Tax Exemption Notifications,https://www.startupindia.gov.in/content/sih/en/startupgov/imb.html,https://www.startupindia.gov.in/content/dam/invest-india/Templates/public/IMB/imb_meetings/imb_03_14_2018_TwentyFourthMeetingoftheIMB.pdf,DOWNLOADED,Scheme_PDFs/Income Tax Exemption Notifications/imb_03_14_2018_TwentyFourthMeetingoftheIMB.pdf
Income Tax Exemption Notifications,https://www.startupindia.gov.in/content/sih/en/startupgov/imb.html,https://www.startupindia.gov.in/content/dam/invest-india/Templates/public/IMB/imb_meetings/meeting-notice-76th-meeting-of-imb.pdf,DOWNLOADED,Scheme_PDFs/Income Tax Exemption Notifications/meeting-notice-76th-meeting-of-imb.pdf
Income Tax Exemption Notifications,https://www.startupindia.gov.in/content/sih/en/startupgov/imb.html,https://www.startupindia.gov.in/content/dam/invest-india/Templates/public/IMB/imb_meetings/minutes-of-eightyth-imb-Meeting.pdf,DOWNLOADED,Scheme_PDFs/Income Tax Exemption Notifications/minutes-of-eightyth-imb-Meeting.pdf
Income Tax Exemption Notifications,https://www.startupindia.gov.in/content/sih/en/startupgov/imb.html,https://www.startupindia.gov.in/content/dam/invest-india/Templates/public/IMB/imb_meetings/revised%20meeting%20notice%20of%2050th%20IMB%20meeting.pdf,DOWNLOADED,Scheme_PDFs/Income Tax Exemption Notifications/revised_20meeting_20notice_20of_2050th_20IMB_20meeting.pdf
Income Tax Exemption Notifications,https://www.startupindia.gov.in/content/sih/en/startupgov/imb.html,https://www.startupindia.gov.in/content/dam/invest-india/Templates/public/IMB/imb_meetings/self-regulated-evaluation-process-approved-data.pdf,DOWNLOADED,Scheme_PDFs/Income Tax Exemption Notifications/self-regulated-evaluation-process-approved-data.pdf
Income Tax Exemption Notifications,https://www.startupindia.gov.in/content/sih/en/startupgov/imb.html,https://www.startupindia.gov.in/content/dam/invest-india/Templates/public/IMB/imb_meetings/seveneight-imb-minutes.pdf,DOWNLOADED,Scheme_PDFs/Income Tax Exemption Notifications/seveneight-imb-minutes.pdf
Income Tax Exemption Notifications,https://www.startupindia.gov.in/content/sih/en/startupgov/imb.html,https://www.startupindia.gov.in/content/dam/invest-india/Templates/public/IMB/imb_meetings/sevennine-imb-minutes.pdf,DOWNLOADED,Scheme_PDFs/Income Tax Exemption Notifications/sevennine-imb-minutes.pdf
Income Tax Exemption Notifications,https://www.startupindia.gov.in/content/sih/en/startupgov/imb.html,https://www.startupindia.gov.in/content/dam/invest-india/Templates/public/Revised%20Guidelines%20for%20recognition.pdf,DOWNLOADED,Scheme_PDFs/Income Tax Exemption Notifications/Revised_20Guidelines_20for_20recognition.pdf
Income Tax Exemption Notifications,https://www.startupindia.gov.in/content/sih/en/startupgov/imb.html,https://www.startupindia.gov.in/content/dam/startupindia/Startup-India-Fund-of-Funds-2.0-Scheme.pdf,DOWNLOADED,Scheme_PDFs/Income Tax Exemption Notifications/Startup-India-Fund-of-Funds-2.0-Scheme.pdf
Income Tax Exemption Notifications,https://www.startupindia.gov.in/content/sih/en/startupgov/imb.html,https://www.startupindia.gov.in/content/dam/startupindia/homebanners/Startup-Schemes-Playbook-June-2026.pdf,DOWNLOADED,Scheme_PDFs/Income Tax Exemption Notifications/Startup-Schemes-Playbook-June-2026.pdf
Income Tax Exemption Notifications,https://www.startupindia.gov.in/content/sih/en/startupgov/imb.html,https://www.startupindia.gov.in/content/sih/en/startupgov/content/dam/invest-india/Templates/public/IMB/imb_meetings/7th_IMB_Meeting_Notice.pdf,DOWNLOAD_FAILED: HTTP 404,
Atal Incubation Centre,https://aim.gov.in/aic.php,https://aim.gov.in/CTB-75-womenpreneurs-of-India.pdf,DOWNLOADED,Scheme_PDFs/Atal Incubation Centre/CTB-75-womenpreneurs-of-India.pdf
Atal Incubation Centre,https://aim.gov.in/aic.php,https://aim.gov.in/pdf/ACIC_List.pdf,DOWNLOADED,Scheme_PDFs/Atal Incubation Centre/ACIC_List.pdf
Atal Incubation Centre,https://aim.gov.in/aic.php,https://aim.gov.in/pdf/AIC-Guidelines-Final_24Nov-2023.pdf,DOWNLOADED,Scheme_PDFs/Atal Incubation Centre/AIC-Guidelines-Final_24Nov-2023.pdf
Atal Incubation Centre,https://aim.gov.in/aic.php,https://aim.gov.in/pdf/AIC_List_data.pdf,DOWNLOADED,Scheme_PDFs/Atal Incubation Centre/AIC_List_data.pdf
Atal Incubation Centre,https://aim.gov.in/aic.php,https://aim.gov.in/pdf/AIC_Portal_Guide_Final.pdf,DOWNLOADED,Scheme_PDFs/Atal Incubation Centre/AIC_Portal_Guide_Final.pdf
Atal Incubation Centre,https://aim.gov.in/aic.php,https://aim.gov.in/pdf/AIM_HealthcareCTB.pdf,DOWNLOADED,Scheme_PDFs/Atal Incubation Centre/AIM_HealthcareCTB.pdf
Atal Incubation Centre,https://aim.gov.in/aic.php,https://aim.gov.in/pdf/Agriculture-and-Allied-Sectors.pdf,DOWNLOADED,Scheme_PDFs/Atal Incubation Centre/Agriculture-and-Allied-Sectors.pdf
Atal Incubation Centre,https://aim.gov.in/aic.php,https://aim.gov.in/pdf/EIC_guidelines_2019.pdf,DOWNLOADED,Scheme_PDFs/Atal Incubation Centre/EIC_guidelines_2019.pdf
Atal Incubation Centre,https://aim.gov.in/aic.php,https://aim.gov.in/pdf/sdg-coffee-table-book.pdf,DOWNLOADED,Scheme_PDFs/Atal Incubation Centre/sdg-coffee-table-book.pdf
Scholarship Portal,https://sje.rajasthan.gov.in/Scholarship_Portal.aspx,http://www.sje.rajasthan.gov.in/Orders/Notice159466.pdf,"DOWNLOAD_FAILED: HTTPConnectionPool(host='www.sje.rajasthan.gov.in', port=80): Max retries exceeded with url: /Orders/Notice159466.pdf (Caused by NameResolutionError(""<urllib3.connection.HTTPConnection object at 0x786909196c90>: Failed to resolve 'www.sje.rajasthan.gov.in' ([Errno -2] Name or service not known)""))",
Scholarship Portal,https://sje.rajasthan.gov.in/Scholarship_Portal.aspx,http://www.sje.rajasthan.gov.in/Orders/Scholarship6069.pdf,"DOWNLOAD_FAILED: HTTPConnectionPool(host='www.sje.rajasthan.gov.in', port=80): Max retries exceeded with url: /Orders/Scholarship6069.pdf (Caused by NameResolutionError(""<urllib3.connection.HTTPConnection object at 0x78690a9334a0>: Failed to resolve 'www.sje.rajasthan.gov.in' ([Errno -2] Name or service not known)""))",
Scholarship Portal,https://sje.rajasthan.gov.in/Scholarship_Portal.aspx,http://www.sje.rajasthan.gov.in/orders/66349-470.pdf,"DOWNLOAD_FAILED: HTTPConnectionPool(host='www.sje.rajasthan.gov.in', port=80): Max retries exceeded with url: /orders/66349-470.pdf (Caused by NameResolutionError(""<urllib3.connection.HTTPConnection object at 0x786909197770>: Failed to resolve 'www.sje.rajasthan.gov.in' ([Errno -2] Name or service not known)""))",
Scholarship Portal,https://sje.rajasthan.gov.in/Scholarship_Portal.aspx,http://www.sje.rajasthan.gov.in/orders/Order_66928.pdf,DOWNLOAD_FAILED: domain circuit-breaker tripped,
Scholarship Portal,https://sje.rajasthan.gov.in/Scholarship_Portal.aspx,https://sje.rajasthan.gov.in/New Doc 2019-02-20 15.28.35.pdf,DOWNLOADED,Scheme_PDFs/Scholarship Portal/New Doc 2019-02-20 15.28.35.pdf
Scholarship Portal,https://sje.rajasthan.gov.in/Scholarship_Portal.aspx,https://sje.rajasthan.gov.in/Orders/36739.pdf,DOWNLOADED,Scheme_PDFs/Scholarship Portal/36739.pdf
Scholarship Portal,https://sje.rajasthan.gov.in/Scholarship_Portal.aspx,https://sje.rajasthan.gov.in/Orders/36821.pdf,DOWNLOADED,Scheme_PDFs/Scholarship Portal/36821.pdf
Scholarship Portal,https://sje.rajasthan.gov.in/Scholarship_Portal.aspx,https://sje.rajasthan.gov.in/Scholarship date extension for 2018-19 applications.pdf,DOWNLOADED,Scheme_PDFs/Scholarship Portal/Scholarship date extension for 2018-19 applications.pdf
Scholarship Portal,https://sje.rajasthan.gov.in/Scholarship_Portal.aspx,https://sje.rajasthan.gov.in/Scholarship/Income certificate format 2019-20..pdf,DOWNLOADED,Scheme_PDFs/Scholarship Portal/Income certificate format 2019-20..pdf
Scholarship Portal,https://sje.rajasthan.gov.in/Scholarship_Portal.aspx,https://sje.rajasthan.gov.in/Tenders/11821.pdf,DOWNLOADED,Scheme_PDFs/Scholarship Portal/11821.pdf
Scholarship Portal,https://sje.rajasthan.gov.in/Scholarship_Portal.aspx,https://sje.rajasthan.gov.in/Tenders/44427.pdf,DOWNLOADED,Scheme_PDFs/Scholarship Portal/44427.pdf
Scholarship Portal,https://sje.rajasthan.gov.in/Scholarship_Portal.aspx,https://sje.rajasthan.gov.in/Tenders/656.pdf,DOWNLOADED,Scheme_PDFs/Scholarship Portal/656.pdf
Scholarship Portal,https://sje.rajasthan.gov.in/Scholarship_Portal.aspx,https://sje.rajasthan.gov.in/Tenders/6860.pdf,DOWNLOADED,Scheme_PDFs/Scholarship Portal/6860.pdf
Scholarship Portal,https://sje.rajasthan.gov.in/Scholarship_Portal.aspx,https://sje.rajasthan.gov.in/Tenders/69197.pdf,DOWNLOADED,Scheme_PDFs/Scholarship Portal/69197.pdf
Scholarship Portal,https://sje.rajasthan.gov.in/Scholarship_Portal.aspx,https://sje.rajasthan.gov.in/Tenders/86665_18dec.pdf,DOWNLOADED,Scheme_PDFs/Scholarship Portal/86665_18dec.pdf
Scholarship Portal,https://sje.rajasthan.gov.in/Scholarship_Portal.aspx,https://sje.rajasthan.gov.in/Tenders/Order regarding Scholarship application for academic year 2016-17.pdf,DOWNLOADED,Scheme_PDFs/Scholarship Portal/Order regarding Scholarship application for academic year 2016-17.pdf
Scholarship Portal,https://sje.rajasthan.gov.in/Scholarship_Portal.aspx,https://sje.rajasthan.gov.in/Tenders/income cer.pdf,DOWNLOADED,Scheme_PDFs/Scholarship Portal/income cer.pdf
Scholarship Portal,https://sje.rajasthan.gov.in/Scholarship_Portal.aspx,https://sje.rajasthan.gov.in/siteadmin/Uploads/201908301327229847date extend order year 2019-20.pdf,DOWNLOADED,Scheme_PDFs/Scholarship Portal/201908301327229847date extend order year 2019-20.pdf
Scholarship Portal,https://sje.rajasthan.gov.in/Scholarship_Portal.aspx,https://sje.rajasthan.gov.in/siteadmin/Uploads/201910111128446185.pdf,DOWNLOADED,Scheme_PDFs/Scholarship Portal/201910111128446185.pdf
Scholarship Portal,https://sje.rajasthan.gov.in/Scholarship_Portal.aspx,https://sje.rajasthan.gov.in/siteadmin/Uploads/201911071444487056.pdf,DOWNLOADED,Scheme_PDFs/Scholarship Portal/201911071444487056.pdf
Scholarship Portal,https://sje.rajasthan.gov.in/Scholarship_Portal.aspx,https://sje.rajasthan.gov.in/siteadmin/Uploads/201912021755127012.pdf,DOWNLOADED,Scheme_PDFs/Scholarship Portal/201912021755127012.pdf
Scholarship Portal,https://sje.rajasthan.gov.in/Scholarship_Portal.aspx,https://sje.rajasthan.gov.in/siteadmin/Uploads/202002121742342621.pdf,DOWNLOADED,Scheme_PDFs/Scholarship Portal/202002121742342621.pdf
Scholarship Portal,https://sje.rajasthan.gov.in/Scholarship_Portal.aspx,https://sje.rajasthan.gov.in/siteadmin/Uploads/202005121245180166.pdf,DOWNLOADED,Scheme_PDFs/Scholarship Portal/202005121245180166.pdf
Scholarship Portal,https://sje.rajasthan.gov.in/Scholarship_Portal.aspx,https://sje.rajasthan.gov.in/siteadmin/Uploads/202005121247057851.pdf,DOWNLOADED,Scheme_PDFs/Scholarship Portal/202005121247057851.pdf
Scholarship Portal,https://sje.rajasthan.gov.in/Scholarship_Portal.aspx,https://sje.rajasthan.gov.in/siteadmin/Uploads/202005231144204607.pdf,DOWNLOADED,Scheme_PDFs/Scholarship Portal/202005231144204607.pdf
Scholarship Portal,https://sje.rajasthan.gov.in/Scholarship_Portal.aspx,https://sje.rajasthan.gov.in/siteadmin/Uploads/202006121518406501.pdf,DOWNLOADED,Scheme_PDFs/Scholarship Portal/202006121518406501.pdf
Scholarship Portal,https://sje.rajasthan.gov.in/Scholarship_Portal.aspx,https://sje.rajasthan.gov.in/siteadmin/Uploads/202006241121521888.pdf,DOWNLOADED,Scheme_PDFs/Scholarship Portal/202006241121521888.pdf
Scholarship Portal,https://sje.rajasthan.gov.in/Scholarship_Portal.aspx,https://sje.rajasthan.gov.in/siteadmin/Uploads/202006251758495178.pdf,DOWNLOADED,Scheme_PDFs/Scholarship Portal/202006251758495178.pdf
Scholarship Portal,https://sje.rajasthan.gov.in/Scholarship_Portal.aspx,https://sje.rajasthan.gov.in/siteadmin/Uploads/202010011110400965.pdf,DOWNLOADED,Scheme_PDFs/Scholarship Portal/202010011110400965.pdf
Scholarship Portal,https://sje.rajasthan.gov.in/Scholarship_Portal.aspx,https://sje.rajasthan.gov.in/siteadmin/Uploads/202010271122316214.pdf,DOWNLOADED,Scheme_PDFs/Scholarship Portal/202010271122316214.pdf
Scholarship Portal,https://sje.rajasthan.gov.in/Scholarship_Portal.aspx,https://sje.rajasthan.gov.in/siteadmin/Uploads/202011201157380006.pdf,DOWNLOADED,Scheme_PDFs/Scholarship Portal/202011201157380006.pdf
Scholarship Portal,https://sje.rajasthan.gov.in/Scholarship_Portal.aspx,https://sje.rajasthan.gov.in/siteadmin/Uploads/202011261721478557.pdf,DOWNLOADED,Scheme_PDFs/Scholarship Portal/202011261721478557.pdf
Scholarship Portal,https://sje.rajasthan.gov.in/Scholarship_Portal.aspx,https://sje.rajasthan.gov.in/siteadmin/Uploads/202011271600418174.pdf,DOWNLOADED,Scheme_PDFs/Scholarship Portal/202011271600418174.pdf
Scholarship Portal,https://sje.rajasthan.gov.in/Scholarship_Portal.aspx,https://sje.rajasthan.gov.in/siteadmin/Uploads/202101291143177675.pdf,DOWNLOADED,Scheme_PDFs/Scholarship Portal/202101291143177675.pdf
Scholarship Portal,https://sje.rajasthan.gov.in/Scholarship_Portal.aspx,https://sje.rajasthan.gov.in/siteadmin/Uploads/202102221545097573.pdf,DOWNLOADED,Scheme_PDFs/Scholarship Portal/202102221545097573.pdf
Scholarship Portal,https://sje.rajasthan.gov.in/Scholarship_Portal.aspx,https://sje.rajasthan.gov.in/siteadmin/Uploads/202103181409587419.pdf,DOWNLOADED,Scheme_PDFs/Scholarship Portal/202103181409587419.pdf
Scholarship Portal,https://sje.rajasthan.gov.in/Scholarship_Portal.aspx,https://sje.rajasthan.gov.in/siteadmin/Uploads/202106081212423738.pdf,DOWNLOADED,Scheme_PDFs/Scholarship Portal/202106081212423738.pdf
Scholarship Portal,https://sje.rajasthan.gov.in/Scholarship_Portal.aspx,https://sje.rajasthan.gov.in/siteadmin/Uploads/202106081423218951.pdf,DOWNLOADED,Scheme_PDFs/Scholarship Portal/202106081423218951.pdf
Scholarship Portal,https://sje.rajasthan.gov.in/Scholarship_Portal.aspx,https://sje.rajasthan.gov.in/siteadmin/Uploads/202106091200459791.pdf,DOWNLOADED,Scheme_PDFs/Scholarship Portal/202106091200459791.pdf
Scholarship Portal,https://sje.rajasthan.gov.in/Scholarship_Portal.aspx,https://sje.rajasthan.gov.in/siteadmin/Uploads/202107291733500519.pdf,DOWNLOADED,Scheme_PDFs/Scholarship Portal/202107291733500519.pdf
Scholarship Portal,https://sje.rajasthan.gov.in/Scholarship_Portal.aspx,https://sje.rajasthan.gov.in/siteadmin/Uploads/202109131121396009.pdf,DOWNLOADED,Scheme_PDFs/Scholarship Portal/202109131121396009.pdf
Scholarship Portal,https://sje.rajasthan.gov.in/Scholarship_Portal.aspx,https://sje.rajasthan.gov.in/siteadmin/Uploads/202109231056173492.pdf,DOWNLOADED,Scheme_PDFs/Scholarship Portal/202109231056173492.pdf
Scholarship Portal,https://sje.rajasthan.gov.in/Scholarship_Portal.aspx,https://sje.rajasthan.gov.in/siteadmin/Uploads/202109231103171637.pdf,DOWNLOADED,Scheme_PDFs/Scholarship Portal/202109231103171637.pdf
Scholarship Portal,https://sje.rajasthan.gov.in/Scholarship_Portal.aspx,https://sje.rajasthan.gov.in/siteadmin/Uploads/202110011433361166.pdf,DOWNLOADED,Scheme_PDFs/Scholarship Portal/202110011433361166.pdf
Scholarship Portal,https://sje.rajasthan.gov.in/Scholarship_Portal.aspx,https://sje.rajasthan.gov.in/siteadmin/Uploads/202110061548490675.pdf,DOWNLOADED,Scheme_PDFs/Scholarship Portal/202110061548490675.pdf
Scholarship Portal,https://sje.rajasthan.gov.in/Scholarship_Portal.aspx,https://sje.rajasthan.gov.in/siteadmin/Uploads/202111091706342893.pdf,DOWNLOADED,Scheme_PDFs/Scholarship Portal/202111091706342893.pdf
Scholarship Portal,https://sje.rajasthan.gov.in/Scholarship_Portal.aspx,https://sje.rajasthan.gov.in/siteadmin/Uploads/202111101525421409.pdf,DOWNLOADED,Scheme_PDFs/Scholarship Portal/202111101525421409.pdf
Scholarship Portal,https://sje.rajasthan.gov.in/Scholarship_Portal.aspx,https://sje.rajasthan.gov.in/siteadmin/Uploads/202111101536161100.pdf,DOWNLOADED,Scheme_PDFs/Scholarship Portal/202111101536161100.pdf
Scholarship Portal,https://sje.rajasthan.gov.in/Scholarship_Portal.aspx,https://sje.rajasthan.gov.in/siteadmin/Uploads/202112011007448323.pdf,DOWNLOADED,Scheme_PDFs/Scholarship Portal/202112011007448323.pdf
Scholarship Portal,https://sje.rajasthan.gov.in/Scholarship_Portal.aspx,https://sje.rajasthan.gov.in/siteadmin/Uploads/202112011514332641.pdf,DOWNLOADED,Scheme_PDFs/Scholarship Portal/202112011514332641.pdf
Scholarship Portal,https://sje.rajasthan.gov.in/Scholarship_Portal.aspx,https://sje.rajasthan.gov.in/siteadmin/Uploads/202112301301151171.pdf,DOWNLOADED,Scheme_PDFs/Scholarship Portal/202112301301151171.pdf
Scholarship Portal,https://sje.rajasthan.gov.in/Scholarship_Portal.aspx,https://sje.rajasthan.gov.in/siteadmin/Uploads/202202011642333258.pdf,DOWNLOADED,Scheme_PDFs/Scholarship Portal/202202011642333258.pdf
Scholarship Portal,https://sje.rajasthan.gov.in/Scholarship_Portal.aspx,https://sje.rajasthan.gov.in/siteadmin/Uploads/202202281709491847.pdf,DOWNLOADED,Scheme_PDFs/Scholarship Portal/202202281709491847.pdf
Scholarship Portal,https://sje.rajasthan.gov.in/Scholarship_Portal.aspx,https://sje.rajasthan.gov.in/siteadmin/Uploads/202203151822568497.pdf,DOWNLOADED,Scheme_PDFs/Scholarship Portal/202203151822568497.pdf
Scholarship Portal,https://sje.rajasthan.gov.in/Scholarship_Portal.aspx,https://sje.rajasthan.gov.in/siteadmin/Uploads/202203251649208551.pdf,DOWNLOADED,Scheme_PDFs/Scholarship Portal/202203251649208551.pdf
Scholarship Portal,https://sje.rajasthan.gov.in/Scholarship_Portal.aspx,https://sje.rajasthan.gov.in/siteadmin/Uploads/202206161631220192.pdf,DOWNLOADED,Scheme_PDFs/Scholarship Portal/202206161631220192.pdf
Scholarship Portal,https://sje.rajasthan.gov.in/Scholarship_Portal.aspx,https://sje.rajasthan.gov.in/siteadmin/Uploads/202206231152066316.pdf,DOWNLOADED,Scheme_PDFs/Scholarship Portal/202206231152066316.pdf
Scholarship Portal,https://sje.rajasthan.gov.in/Scholarship_Portal.aspx,https://sje.rajasthan.gov.in/siteadmin/Uploads/202208041716590114.pdf,DOWNLOADED,Scheme_PDFs/Scholarship Portal/202208041716590114.pdf
Scholarship Portal,https://sje.rajasthan.gov.in/Scholarship_Portal.aspx,https://sje.rajasthan.gov.in/siteadmin/Uploads/202208181700110581.pdf,DOWNLOADED,Scheme_PDFs/Scholarship Portal/202208181700110581.pdf
Scholarship Portal,https://sje.rajasthan.gov.in/Scholarship_Portal.aspx,https://sje.rajasthan.gov.in/siteadmin/Uploads/202209201132519049.pdf,DOWNLOADED,Scheme_PDFs/Scholarship Portal/202209201132519049.pdf
Scholarship Portal,https://sje.rajasthan.gov.in/Scholarship_Portal.aspx,https://sje.rajasthan.gov.in/siteadmin/Uploads/202210041327508847.pdf,DOWNLOADED,Scheme_PDFs/Scholarship Portal/202210041327508847.pdf
Scholarship Portal,https://sje.rajasthan.gov.in/Scholarship_Portal.aspx,https://sje.rajasthan.gov.in/siteadmin/Uploads/202301171154461099.pdf,DOWNLOADED,Scheme_PDFs/Scholarship Portal/202301171154461099.pdf
Scholarship Portal,https://sje.rajasthan.gov.in/Scholarship_Portal.aspx,https://sje.rajasthan.gov.in/siteadmin/Uploads/202303031231219761.pdf,DOWNLOADED,Scheme_PDFs/Scholarship Portal/202303031231219761.pdf
Scholarship Portal,https://sje.rajasthan.gov.in/Scholarship_Portal.aspx,https://sje.rajasthan.gov.in/siteadmin/Uploads/202303171109599929.pdf,DOWNLOADED,Scheme_PDFs/Scholarship Portal/202303171109599929.pdf
Scholarship Portal,https://sje.rajasthan.gov.in/Scholarship_Portal.aspx,https://sje.rajasthan.gov.in/siteadmin/Uploads/202305101808339804.pdf,DOWNLOADED,Scheme_PDFs/Scholarship Portal/202305101808339804.pdf
Scholarship Portal,https://sje.rajasthan.gov.in/Scholarship_Portal.aspx,https://sje.rajasthan.gov.in/siteadmin/Uploads/202309111736417369.pdf,DOWNLOADED,Scheme_PDFs/Scholarship Portal/202309111736417369.pdf
Scholarship Portal,https://sje.rajasthan.gov.in/Scholarship_Portal.aspx,https://sje.rajasthan.gov.in/siteadmin/Uploads/202312041653147393.pdf,DOWNLOADED,Scheme_PDFs/Scholarship Portal/202312041653147393.pdf
Scholarship Portal,https://sje.rajasthan.gov.in/Scholarship_Portal.aspx,https://sje.rajasthan.gov.in/siteadmin/Uploads/202312051024150538.pdf,DOWNLOADED,Scheme_PDFs/Scholarship Portal/202312051024150538.pdf
Scholarship Portal,https://sje.rajasthan.gov.in/Scholarship_Portal.aspx,https://sje.rajasthan.gov.in/siteadmin/Uploads/202312051026423401.pdf,DOWNLOADED,Scheme_PDFs/Scholarship Portal/202312051026423401.pdf
Scholarship Portal,https://sje.rajasthan.gov.in/Scholarship_Portal.aspx,https://sje.rajasthan.gov.in/siteadmin/Uploads/202312051028528604.pdf,DOWNLOADED,Scheme_PDFs/Scholarship Portal/202312051028528604.pdf
Scholarship Portal,https://sje.rajasthan.gov.in/Scholarship_Portal.aspx,https://sje.rajasthan.gov.in/siteadmin/Uploads/202312071248517061.pdf,DOWNLOADED,Scheme_PDFs/Scholarship Portal/202312071248517061.pdf
Scholarship Portal,https://sje.rajasthan.gov.in/Scholarship_Portal.aspx,https://sje.rajasthan.gov.in/siteadmin/Uploads/202312111034067521.pdf,DOWNLOADED,Scheme_PDFs/Scholarship Portal/202312111034067521.pdf
Scholarship Portal,https://sje.rajasthan.gov.in/Scholarship_Portal.aspx,https://sje.rajasthan.gov.in/siteadmin/Uploads/202312111036366977.pdf,DOWNLOADED,Scheme_PDFs/Scholarship Portal/202312111036366977.pdf
Scholarship Portal,https://sje.rajasthan.gov.in/Scholarship_Portal.aspx,https://sje.rajasthan.gov.in/siteadmin/Uploads/202312121314406874.pdf,DOWNLOADED,Scheme_PDFs/Scholarship Portal/202312121314406874.pdf
Scholarship Portal,https://sje.rajasthan.gov.in/Scholarship_Portal.aspx,https://sje.rajasthan.gov.in/siteadmin/Uploads/202312141605223962.pdf,DOWNLOADED,Scheme_PDFs/Scholarship Portal/202312141605223962.pdf
Scholarship Portal,https://sje.rajasthan.gov.in/Scholarship_Portal.aspx,https://sje.rajasthan.gov.in/siteadmin/Uploads/202401011203502819.pdf,DOWNLOADED,Scheme_PDFs/Scholarship Portal/202401011203502819.pdf
Scholarship Portal,https://sje.rajasthan.gov.in/Scholarship_Portal.aspx,https://sje.rajasthan.gov.in/siteadmin/Uploads/202401021414361394.pdf,DOWNLOADED,Scheme_PDFs/Scholarship Portal/202401021414361394.pdf
Scholarship Portal,https://sje.rajasthan.gov.in/Scholarship_Portal.aspx,https://sje.rajasthan.gov.in/siteadmin/Uploads/202401031103352123.pdf,DOWNLOADED,Scheme_PDFs/Scholarship Portal/202401031103352123.pdf
Scholarship Portal,https://sje.rajasthan.gov.in/Scholarship_Portal.aspx,https://sje.rajasthan.gov.in/siteadmin/Uploads/202401311424322212.pdf,DOWNLOADED,Scheme_PDFs/Scholarship Portal/202401311424322212.pdf
Scholarship Portal,https://sje.rajasthan.gov.in/Scholarship_Portal.aspx,https://sje.rajasthan.gov.in/siteadmin/Uploads/202403201326204277.pdf,DOWNLOADED,Scheme_PDFs/Scholarship Portal/202403201326204277.pdf
Scholarship Portal,https://sje.rajasthan.gov.in/Scholarship_Portal.aspx,https://sje.rajasthan.gov.in/siteadmin/Uploads/202404241627397204.pdf,DOWNLOADED,Scheme_PDFs/Scholarship Portal/202404241627397204.pdf
Scholarship Portal,https://sje.rajasthan.gov.in/Scholarship_Portal.aspx,https://sje.rajasthan.gov.in/siteadmin/Uploads/202405091441044921.pdf,DOWNLOADED,Scheme_PDFs/Scholarship Portal/202405091441044921.pdf
Scholarship Portal,https://sje.rajasthan.gov.in/Scholarship_Portal.aspx,https://sje.rajasthan.gov.in/siteadmin/Uploads/202406031120225562.pdf,DOWNLOADED,Scheme_PDFs/Scholarship Portal/202406031120225562.pdf
Scholarship Portal,https://sje.rajasthan.gov.in/Scholarship_Portal.aspx,https://sje.rajasthan.gov.in/siteadmin/Uploads/202406271148090737.pdf,DOWNLOADED,Scheme_PDFs/Scholarship Portal/202406271148090737.pdf
Scholarship Portal,https://sje.rajasthan.gov.in/Scholarship_Portal.aspx,https://sje.rajasthan.gov.in/siteadmin/Uploads/202406281842173360.pdf,DOWNLOADED,Scheme_PDFs/Scholarship Portal/202406281842173360.pdf
Scholarship Portal,https://sje.rajasthan.gov.in/Scholarship_Portal.aspx,https://sje.rajasthan.gov.in/siteadmin/Uploads/202407041530279340.pdf,DOWNLOADED,Scheme_PDFs/Scholarship Portal/202407041530279340.pdf
Scholarship Portal,https://sje.rajasthan.gov.in/Scholarship_Portal.aspx,https://sje.rajasthan.gov.in/siteadmin/Uploads/202411081457403247.pdf,DOWNLOADED,Scheme_PDFs/Scholarship Portal/202411081457403247.pdf
Scholarship Portal,https://sje.rajasthan.gov.in/Scholarship_Portal.aspx,https://sje.rajasthan.gov.in/siteadmin/Uploads/202411081459150875.pdf,DOWNLOADED,Scheme_PDFs/Scholarship Portal/202411081459150875.pdf
Scholarship Portal,https://sje.rajasthan.gov.in/Scholarship_Portal.aspx,https://sje.rajasthan.gov.in/siteadmin/Uploads/202411131349244781.pdf,DOWNLOADED,Scheme_PDFs/Scholarship Portal/202411131349244781.pdf
Scholarship Portal,https://sje.rajasthan.gov.in/Scholarship_Portal.aspx,https://sje.rajasthan.gov.in/siteadmin/Uploads/202411131351506849.pdf,DOWNLOADED,Scheme_PDFs/Scholarship Portal/202411131351506849.pdf
Scholarship Portal,https://sje.rajasthan.gov.in/Scholarship_Portal.aspx,https://sje.rajasthan.gov.in/siteadmin/Uploads/202411131733425997.pdf,DOWNLOADED,Scheme_PDFs/Scholarship Portal/202411131733425997.pdf
Scholarship Portal,https://sje.rajasthan.gov.in/Scholarship_Portal.aspx,https://sje.rajasthan.gov.in/siteadmin/Uploads/202504021213362300.pdf,DOWNLOADED,Scheme_PDFs/Scholarship Portal/202504021213362300.pdf
Scholarship Portal,https://sje.rajasthan.gov.in/Scholarship_Portal.aspx,https://sje.rajasthan.gov.in/siteadmin/Uploads/202505021745139028.pdf,DOWNLOADED,Scheme_PDFs/Scholarship Portal/202505021745139028.pdf
Scholarship Portal,https://sje.rajasthan.gov.in/Scholarship_Portal.aspx,https://sje.rajasthan.gov.in/siteadmin/Uploads/202511031143518236.pdf,DOWNLOADED,Scheme_PDFs/Scholarship Portal/202511031143518236.pdf
Scholarship Portal,https://sje.rajasthan.gov.in/Scholarship_Portal.aspx,https://sje.rajasthan.gov.in/siteadmin/Uploads/202511061442485662.pdf,DOWNLOADED,Scheme_PDFs/Scholarship Portal/202511061442485662.pdf
Scholarship Portal,https://sje.rajasthan.gov.in/Scholarship_Portal.aspx,https://sje.rajasthan.gov.in/siteadmin/Uploads/202511131029076670.pdf,DOWNLOADED,Scheme_PDFs/Scholarship Portal/202511131029076670.pdf
Scholarship Portal,https://sje.rajasthan.gov.in/Scholarship_Portal.aspx,https://sje.rajasthan.gov.in/siteadmin/Uploads/202512091745585843.pdf,DOWNLOADED,Scheme_PDFs/Scholarship Portal/202512091745585843.pdf
Scholarship Portal,https://sje.rajasthan.gov.in/Scholarship_Portal.aspx,https://sje.rajasthan.gov.in/siteadmin/Uploads/202512121200441406.pdf,DOWNLOADED,Scheme_PDFs/Scholarship Portal/202512121200441406.pdf
Scholarship Portal,https://sje.rajasthan.gov.in/Scholarship_Portal.aspx,https://sje.rajasthan.gov.in/siteadmin/Uploads/202601151537587213.pdf,DOWNLOADED,Scheme_PDFs/Scholarship Portal/202601151537587213.pdf
Scholarship Portal,https://sje.rajasthan.gov.in/Scholarship_Portal.aspx,https://sje.rajasthan.gov.in/siteadmin/Uploads/202601211857400861.pdf,DOWNLOADED,Scheme_PDFs/Scholarship Portal/202601211857400861.pdf
Scholarship Portal,https://sje.rajasthan.gov.in/Scholarship_Portal.aspx,https://sje.rajasthan.gov.in/siteadmin/Uploads/202601231559428941.pdf,DOWNLOADED,Scheme_PDFs/Scholarship Portal/202601231559428941.pdf
Scholarship Portal,https://sje.rajasthan.gov.in/Scholarship_Portal.aspx,https://sje.rajasthan.gov.in/siteadmin/Uploads/202601231700311060.pdf,DOWNLOADED,Scheme_PDFs/Scholarship Portal/202601231700311060.pdf
Scholarship Portal,https://sje.rajasthan.gov.in/Scholarship_Portal.aspx,https://sje.rajasthan.gov.in/siteadmin/Uploads/202601301543411805.pdf,DOWNLOADED,Scheme_PDFs/Scholarship Portal/202601301543411805.pdf
Scholarship Portal,https://sje.rajasthan.gov.in/Scholarship_Portal.aspx,https://sje.rajasthan.gov.in/siteadmin/Uploads/202602231128363082.pdf,DOWNLOADED,Scheme_PDFs/Scholarship Portal/202602231128363082.pdf
Scholarship Portal,https://sje.rajasthan.gov.in/Scholarship_Portal.aspx,https://sje.rajasthan.gov.in/siteadmin/Uploads/202602271550514558.pdf,DOWNLOADED,Scheme_PDFs/Scholarship Portal/202602271550514558.pdf
Scholarship Portal,https://sje.rajasthan.gov.in/Scholarship_Portal.aspx,https://sje.rajasthan.gov.in/siteadmin/Uploads/202603091522106241.pdf,DOWNLOADED,Scheme_PDFs/Scholarship Portal/202603091522106241.pdf
Scholarship Portal,https://sje.rajasthan.gov.in/Scholarship_Portal.aspx,https://sje.rajasthan.gov.in/siteadmin/Uploads/202603171733023138.pdf,DOWNLOADED,Scheme_PDFs/Scholarship Portal/202603171733023138.pdf
Scholarship Portal,https://sje.rajasthan.gov.in/Scholarship_Portal.aspx,https://sje.rajasthan.gov.in/siteadmin/Uploads/202603271647172983.pdf,DOWNLOADED,Scheme_PDFs/Scholarship Portal/202603271647172983.pdf
Scholarship Portal,https://sje.rajasthan.gov.in/Scholarship_Portal.aspx,https://sje.rajasthan.gov.in/siteadmin/Uploads/202604301424335173.pdf,DOWNLOADED,Scheme_PDFs/Scholarship Portal/202604301424335173.pdf
Scholarship Portal,https://sje.rajasthan.gov.in/Scholarship_Portal.aspx,https://sje.rajasthan.gov.in/siteadmin/Uploads/202605291757186780.pdf,DOWNLOADED,Scheme_PDFs/Scholarship Portal/202605291757186780.pdf
Scholarship Portal,https://sje.rajasthan.gov.in/Scholarship_Portal.aspx,https://sje.rajasthan.gov.in/siteadmin/Uploads/202606161511115153.pdf,DOWNLOADED,Scheme_PDFs/Scholarship Portal/202606161511115153.pdf
Scholarship Portal,https://sje.rajasthan.gov.in/Scholarship_Portal.aspx,https://sje.rajasthan.gov.in/siteadmin/Uploads/202606221808179922.pdf,DOWNLOADED,Scheme_PDFs/Scholarship Portal/202606221808179922.pdf
Scholarship Portal,https://sje.rajasthan.gov.in/Scholarship_Portal.aspx,https://sje.rajasthan.gov.in/siteadmin/Uploads/202606291613195952.pdf,DOWNLOADED,Scheme_PDFs/Scholarship Portal/202606291613195952.pdf
Scholarship Portal,https://sje.rajasthan.gov.in/Scholarship_Portal.aspx,https://sje.rajasthan.gov.in/siteadmin/Uploads/202606291618160130.pdf,DOWNLOADED,Scheme_PDFs/Scholarship Portal/202606291618160130.pdf
Scholarship Portal,https://sje.rajasthan.gov.in/Scholarship_Portal.aspx,https://sje.rajasthan.gov.in/siteadmin/Uploads/202606291621469897.pdf,DOWNLOADED,Scheme_PDFs/Scholarship Portal/202606291621469897.pdf
Scholarship Portal,https://sje.rajasthan.gov.in/Scholarship_Portal.aspx,https://sje.rajasthan.gov.in/siteadmin/Uploads/202606291623595885.pdf,DOWNLOADED,Scheme_PDFs/Scholarship Portal/202606291623595885.pdf
Scholarship Portal,https://sje.rajasthan.gov.in/Scholarship_Portal.aspx,https://sje.rajasthan.gov.in/siteadmin/Uploads/202607081707099092.pdf,DOWNLOADED,Scheme_PDFs/Scholarship Portal/202607081707099092.pdf
Scholarship Portal,https://sje.rajasthan.gov.in/Scholarship_Portal.aspx,https://sje.rajasthan.gov.in/siteadmin/Uploads/202607131625194312.pdf,DOWNLOADED,Scheme_PDFs/Scholarship Portal/202607131625194312.pdf
Scholarship Portal,https://sje.rajasthan.gov.in/Scholarship_Portal.aspx,https://sje.rajasthan.gov.in/siteadmin/Uploads/202607211305496620.pdf,DOWNLOADED,Scheme_PDFs/Scholarship Portal/202607211305496620.pdf
YOUTH CO:LAB 2022-23,https://aim.gov.in/youthcolab-2022-23/,,NO_PDF_FOUND,
YOUTH CO:LAB 2023-24,https://aim.gov.in/youthcolab2023-24.php,https://www.climatelinks.org/sites/default/files/asset/document/2023-10/Fintech%2C%20smallholders%20and%20sustainable%20agriculture%20in%20Southeast%20Asia%20Report.pdf,"DOWNLOAD_FAILED: HTTPSConnectionPool(host='www.climatelinks.org', port=443): Max retries exceeded with url: /sites/default/files/asset/document/2023-10/Fintech%2C%20smallholders%20and%20sustainable%20agriculture%20in%20Southeast%20Asia%20Report.pdf (Caused by SSLError(SSLCertVerificationError(1, ""[SSL: CERTIFICATE_VERIFY_FAILED] certificate verify failed: Hostname mismatch, certificate is not valid for 'www.climatelinks.org'. (_ssl.c:1010)"")))",
YOUTH CO:LAB 2023-24,https://aim.gov.in/youthcolab2023-24.php,https://www.nabard.org/auth/writereaddata/tender/2107204051Nabard%20Booklet.pdf,"DOWNLOAD_FAILED: HTTPSConnectionPool(host='www.nabard.org', port=443): Max retries exceeded with url: /auth/writereaddata/tender/2107204051Nabard%20Booklet.pdf (Caused by ConnectTimeoutError(<urllib3.connection.HTTPSConnection object at 0x78690a92bb60>, 'Connection to www.nabard.org timed out. (connect timeout=20)'))",
YOUTH CO:LAB 2023-24,https://aim.gov.in/youthcolab2023-24.php,https://www.un.org/esa/socdev/egms/docs/2013/ict/innovation-technology-indigenous.pdf,DOWNLOADED,Scheme_PDFs/YOUTH CO_LAB 2023-24/innovation-technology-indigenous.pdf
YOUTH CO:LAB 2023-24,https://aim.gov.in/youthcolab2023-24.php,https://www.undp.org/sites/g/files/zskgke326/files/2023-10/winners_booklet_updated_.pdf,DOWNLOADED,Scheme_PDFs/YOUTH CO_LAB 2023-24/winners_booklet_updated_.pdf
YOUTH CO:LAB 2023-24,https://aim.gov.in/youthcolab2023-24.php,https://www.unicef.org/media/126246/file/Assistive-Tech-Web.pdf,DOWNLOAD_FAILED: HTTP 403,
YOUTH CO:LAB 2021,https://aim.gov.in/youthcolab2021.php,,NO_PDF_FOUND,
Vernacular Innovation Program,https://aim.gov.in/Vernacular-Innovation-Program.php,,NO_PDF_FOUND,
SCHEMES FOR STARTERS,https://champions.gov.in/MSME_Ministry/start-up-udyam-financing-equity_loan_schemes/new_entrepreneurs_Starters.htm,https://champions.gov.in/Docs/Success_Stories.pdf,DOWNLOADED,Scheme_PDFs/SCHEMES FOR STARTERS/Success_Stories.pdf
SCHEMES FOR STARTERS,https://champions.gov.in/MSME_Ministry/start-up-udyam-financing-equity_loan_schemes/new_entrepreneurs_Starters.htm,https://champions.gov.in/Docs/TestimonialbyFHRAI.pdf,DOWNLOADED,Scheme_PDFs/SCHEMES FOR STARTERS/TestimonialbyFHRAI.pdf
N/A,https://champions.gov.in/mailor/w_champions.htm,,NO_PDF_FOUND,
MSME CHAMPIONS,https://champions.gov.in/,https://champions.gov.in/Docs/Amendment in General Financial Rules 2017 - Global Tender Enquiry.pdf,DOWNLOADED,Scheme_PDFs/MSME CHAMPIONS/Amendment in General Financial Rules 2017 - Global Tender Enquiry.pdf
MSME CHAMPIONS,https://champions.gov.in/,https://champions.gov.in/Docs/CGSSD.pdf,DOWNLOADED,Scheme_PDFs/MSME CHAMPIONS/CGSSD.pdf
MSME CHAMPIONS,https://champions.gov.in/,https://champions.gov.in/Docs/Clarification.pdf,DOWNLOADED,Scheme_PDFs/MSME CHAMPIONS/Clarification.pdf
MSME CHAMPIONS,https://champions.gov.in/,https://champions.gov.in/Docs/Distressed Assets Fund.pdf,DOWNLOADED,Scheme_PDFs/MSME CHAMPIONS/Distressed Assets Fund.pdf
MSME CHAMPIONS,https://champions.gov.in/,https://champions.gov.in/Docs/Letter_to_MLIs_dated_Aug_04_2020.pdf,DOWNLOADED,Scheme_PDFs/MSME CHAMPIONS/Letter_to_MLIs_dated_Aug_04_2020.pdf
MSME CHAMPIONS,https://champions.gov.in/,https://champions.gov.in/Docs/MSME launches another funding scheme to help the distressed MSME sector.pdf,DOWNLOADED,Scheme_PDFs/MSME CHAMPIONS/MSME launches another funding scheme to help the distressed MSME sector.pdf
MSME CHAMPIONS,https://champions.gov.in/,https://champions.gov.in/Docs/MSME_Web_Clippings_15.10.20.pdf,DOWNLOADED,Scheme_PDFs/MSME CHAMPIONS/MSME_Web_Clippings_15.10.20.pdf
MSME CHAMPIONS,https://champions.gov.in/,https://champions.gov.in/Docs/MSME_gazette_of_india.pdf,DOWNLOADED,Scheme_PDFs/MSME CHAMPIONS/MSME_gazette_of_india.pdf
MSME CHAMPIONS,https://champions.gov.in/,https://champions.gov.in/Docs/Notificationonclassifying.pdf,DOWNLOADED,Scheme_PDFs/MSME CHAMPIONS/Notificationonclassifying.pdf
MSME CHAMPIONS,https://champions.gov.in/,https://champions.gov.in/Docs/PIB1623391.pdf,DOWNLOADED,Scheme_PDFs/MSME CHAMPIONS/PIB1623391.pdf
MSME CHAMPIONS,https://champions.gov.in/,https://champions.gov.in/Docs/RBI_NOTIFICATION_02.07.2020.pdf,DOWNLOADED,Scheme_PDFs/MSME CHAMPIONS/RBI_NOTIFICATION_02.07.2020.pdf
MSME CHAMPIONS,https://champions.gov.in/,https://champions.gov.in/Docs/RBI_NOTIFICATION_21.08.2020.pdf,DOWNLOADED,Scheme_PDFs/MSME CHAMPIONS/RBI_NOTIFICATION_21.08.2020.pdf
MSME CHAMPIONS,https://champions.gov.in/,https://champions.gov.in/Docs/Restructuring-of-Advances.pdf,DOWNLOADED,Scheme_PDFs/MSME CHAMPIONS/Restructuring-of-Advances.pdf
MSME CHAMPIONS,https://champions.gov.in/,https://champions.gov.in/Docs/Subdebt Booklet version 2.pdf,DOWNLOADED,Scheme_PDFs/MSME CHAMPIONS/Subdebt Booklet version 2.pdf
MSME CHAMPIONS,https://champions.gov.in/,https://champions.gov.in/Docs/Success_Stories.pdf,DOWNLOADED,Scheme_PDFs/MSME CHAMPIONS/Success_Stories.pdf
MSME CHAMPIONS,https://champions.gov.in/,https://champions.gov.in/Docs/TestimonialbyFHRAI.pdf,DOWNLOADED,Scheme_PDFs/MSME CHAMPIONS/TestimonialbyFHRAI.pdf
MSME CHAMPIONS,https://champions.gov.in/,https://champions.gov.in/WriteReadData/WhatsNews/1722658.pdf,DOWNLOADED,Scheme_PDFs/MSME CHAMPIONS/1722658.pdf
MSME CHAMPIONS,https://champions.gov.in/,https://champions.gov.in/WriteReadData/WhatsNews/4090598.pdf,DOWNLOADED,Scheme_PDFs/MSME CHAMPIONS/4090598.pdf
MSME CHAMPIONS,https://champions.gov.in/,https://champions.gov.in/WriteReadData/WhatsNews/5696964.pdf,DOWNLOADED,Scheme_PDFs/MSME CHAMPIONS/5696964.pdf
MSME CHAMPIONS,https://champions.gov.in/,https://champions.gov.in/WriteReadData/WhatsNews/6140702.pdf,DOWNLOADED,Scheme_PDFs/MSME CHAMPIONS/6140702.pdf
MSME CHAMPIONS,https://champions.gov.in/,https://champions.gov.in/WriteReadData/WhatsNews/7161351.pdf,DOWNLOADED,Scheme_PDFs/MSME CHAMPIONS/7161351.pdf
MSME CHAMPIONS,https://champions.gov.in/,https://champions.gov.in/WriteReadData/WhatsNews/8952691.pdf,DOWNLOADED,Scheme_PDFs/MSME CHAMPIONS/8952691.pdf
MSME CHAMPIONS,https://champions.gov.in/,https://content.dgft.gov.in/Website/EcommExportHandbokMSME_E.pdf,DOWNLOADED,Scheme_PDFs/MSME CHAMPIONS/EcommExportHandbokMSME_E.pdf
MSME CHAMPIONS,https://champions.gov.in/,https://doe.gov.in/sites/default/files/Vivad%20Se%20Vishwas%20I%20-%20Relief%20for%20MSMEs.pdf,"DOWNLOAD_FAILED: ('Connection aborted.', ConnectionResetError(104, 'Connection reset by peer'))",
MSME CHAMPIONS,https://champions.gov.in/,https://msme.gov.in/sites/default/files/FlipbookEnglishSchemeBooklet.pdf,DOWNLOAD_FAILED: HTTP 403,
MSME CHAMPIONS,https://champions.gov.in/,https://udyamregistration.gov.in/docs/LettertoMSME%20Ministry-Thank%20you%20note-MSPL-5thOct2020.pdf,DOWNLOADED,Scheme_PDFs/MSME CHAMPIONS/LettertoMSME_20Ministry-Thank_20you_20note-MSPL-5thOct2020.pdf
MSME CHAMPIONS,https://champions.gov.in/,"https://www.dcmsme.gov.in/PPP-MSEs%20Order,2012%20Amendment,2022.pdf",DOWNLOADED,Scheme_PDFs/MSME CHAMPIONS/PPP-MSEs_20Order_2012_20Amendment_2022.pdf
MSME New Schemes,https://champions.gov.in/Ministry-of-MSME_Portal/youth_Entrepreneurs-rural_urban_self_employment/New_Schemes.htm,https://champions.gov.in/Docs/AgarbattimakingProject.pdf,DOWNLOADED,Scheme_PDFs/MSME New Schemes/AgarbattimakingProject.pdf
MSME New Schemes,https://champions.gov.in/Ministry-of-MSME_Portal/youth_Entrepreneurs-rural_urban_self_employment/New_Schemes.htm,https://champions.gov.in/Docs/Beekeeping.pdf,DOWNLOADED,Scheme_PDFs/MSME New Schemes/Beekeeping.pdf
MSME New Schemes,https://champions.gov.in/Ministry-of-MSME_Portal/youth_Entrepreneurs-rural_urban_self_employment/New_Schemes.htm,https://champions.gov.in/Docs/Pottery.pdf,DOWNLOADED,Scheme_PDFs/MSME New Schemes/Pottery.pdf
MSME New Schemes,https://champions.gov.in/Ministry-of-MSME_Portal/youth_Entrepreneurs-rural_urban_self_employment/New_Schemes.htm,https://champions.gov.in/Docs/Success_Stories.pdf,DOWNLOADED,Scheme_PDFs/MSME New Schemes/Success_Stories.pdf
MSME New Schemes,https://champions.gov.in/Ministry-of-MSME_Portal/youth_Entrepreneurs-rural_urban_self_employment/New_Schemes.htm,https://champions.gov.in/Docs/TestimonialbyFHRAI.pdf,DOWNLOADED,Scheme_PDFs/MSME New Schemes/TestimonialbyFHRAI.pdf
Space Module,https://aim.gov.in/space-module.php,https://aim.gov.in/ATL_Calendar_2021_to_2022.pdf,DOWNLOADED,Scheme_PDFs/Space Module/ATL_Calendar_2021_to_2022.pdf
Space Module,https://aim.gov.in/space-module.php,https://aim.gov.in/MyATL-User-Manual.pdf,DOWNLOADED,Scheme_PDFs/Space Module/MyATL-User-Manual.pdf
Space Module,https://aim.gov.in/space-module.php,https://aim.gov.in/pdf/ATL-calendar-2025.pdf,DOWNLOADED,Scheme_PDFs/Space Module/ATL-calendar-2025.pdf
Space Module,https://aim.gov.in/space-module.php,https://aim.gov.in/pdf/ATL-calendar.pdf,DOWNLOADED,Scheme_PDFs/Space Module/ATL-calendar.pdf
Space Module,https://aim.gov.in/space-module.php,https://aim.gov.in/pdf/ATL_Calendar_2022-23.pdf,DOWNLOADED,Scheme_PDFs/Space Module/ATL_Calendar_2022-23.pdf
Space Module,https://aim.gov.in/space-module.php,https://aim.gov.in/pdf/ATL_Community_Day.pdf,DOWNLOADED,Scheme_PDFs/Space Module/ATL_Community_Day.pdf
Space Module,https://aim.gov.in/space-module.php,https://aim.gov.in/pdf/ATL_Orientation_Brochure.pdf,DOWNLOADED,Scheme_PDFs/Space Module/ATL_Orientation_Brochure.pdf
Space Module,https://aim.gov.in/space-module.php,https://aim.gov.in/pdf/ATL_SIP_Brochure.pdf,DOWNLOADED,Scheme_PDFs/Space Module/ATL_SIP_Brochure.pdf
Space Module,https://aim.gov.in/space-module.php,https://aim.gov.in/pdf/ATL_Teacher_Book_high_res.pdf,DOWNLOADED,Scheme_PDFs/Space Module/ATL_Teacher_Book_high_res.pdf
Space Module,https://aim.gov.in/space-module.php,https://aim.gov.in/pdf/ATL_Teacher_of_change_book.pdf,DOWNLOADED,Scheme_PDFs/Space Module/ATL_Teacher_of_change_book.pdf
Space Module,https://aim.gov.in/space-module.php,https://aim.gov.in/pdf/Assessment-Report-of-Atal-tinkering-Labs.pdf,DOWNLOADED,Scheme_PDFs/Space Module/Assessment-Report-of-Atal-tinkering-Labs.pdf
Space Module,https://aim.gov.in/space-module.php,https://aim.gov.in/pdf/MoE DO letter dt 18.06.2024 reg ATL Period and Curriculum.pdf,DOWNLOADED,Scheme_PDFs/Space Module/MoE DO letter dt 18.06.2024 reg ATL Period and Curriculum.pdf
Space Module,https://aim.gov.in/space-module.php,https://aim.gov.in/pdf/OperationalATLsInIndia.pdf,DOWNLOADED,Scheme_PDFs/Space Module/OperationalATLsInIndia.pdf
Space Module,https://aim.gov.in/space-module.php,https://aim.gov.in/pdf/SIPHandBook_Digital.pdf,DOWNLOADED,Scheme_PDFs/Space Module/SIPHandBook_Digital.pdf
Space Module,https://aim.gov.in/space-module.php,https://aim.gov.in/pdf/Tranche-2-disbursed.pdf,DOWNLOADED,Scheme_PDFs/Space Module/Tranche-2-disbursed.pdf
Space Module,https://aim.gov.in/space-module.php,https://aim.gov.in/pdf/Tranche-3-disbursed.pdf,DOWNLOADED,Scheme_PDFs/Space Module/Tranche-3-disbursed.pdf
Space Module,https://aim.gov.in/space-module.php,https://aim.gov.in/pdf/space-module-level-1.pdf,DOWNLOADED,Scheme_PDFs/Space Module/space-module-level-1.pdf
Space Module,https://aim.gov.in/space-module.php,https://aim.gov.in/pdf/space-module-level-2.pdf,DOWNLOADED,Scheme_PDFs/Space Module/space-module-level-2.pdf
Space Module,https://aim.gov.in/space-module.php,https://aim.gov.in/pdf/space-module-level-3.pdf,DOWNLOADED,Scheme_PDFs/Space Module/space-module-level-3.pdf
Space Module,https://aim.gov.in/space-module.php,https://atl.aim.gov.in/cgrms/register/ATL_FAQs.pdf,DOWNLOADED,Scheme_PDFs/Space Module/ATL_FAQs.pdf
Space Module,https://aim.gov.in/space-module.php,https://www.aim.gov.in/pdf/AIM_EToC_Book_4.pdf,DOWNLOADED,Scheme_PDFs/Space Module/AIM_EToC_Book_4.pdf
Space Module,https://aim.gov.in/space-module.php,https://www.aim.gov.in/pdf/AIM_EToC_Book_Launch.pdf,DOWNLOADED,Scheme_PDFs/Space Module/AIM_EToC_Book_Launch.pdf
Atal Tinkering Labs,https://aim.gov.in/atl.php,https://aim.gov.in/ATLMarathon2019Announcement.pdf,DOWNLOADED,Scheme_PDFs/Atal Tinkering Labs/ATLMarathon2019Announcement.pdf
Atal Tinkering Labs,https://aim.gov.in/atl.php,https://aim.gov.in/ATL_Calendar_2021_to_2022.pdf,DOWNLOADED,Scheme_PDFs/Atal Tinkering Labs/ATL_Calendar_2021_to_2022.pdf
Atal Tinkering Labs,https://aim.gov.in/atl.php,https://aim.gov.in/ATLs-of-the-Month-April-to-July-2022.pdf,DOWNLOADED,Scheme_PDFs/Atal Tinkering Labs/ATLs-of-the-Month-April-to-July-2022.pdf
Atal Tinkering Labs,https://aim.gov.in/atl.php,https://aim.gov.in/Marathon2021-22b.pdf,DOWNLOADED,Scheme_PDFs/Atal Tinkering Labs/Marathon2021-22b.pdf
Atal Tinkering Labs,https://aim.gov.in/atl.php,https://aim.gov.in/MyATL-User-Manual.pdf,DOWNLOADED,Scheme_PDFs/Atal Tinkering Labs/MyATL-User-Manual.pdf
Atal Tinkering Labs,https://aim.gov.in/atl.php,https://aim.gov.in/SoM_September_2023.pdf,DOWNLOADED,Scheme_PDFs/Atal Tinkering Labs/SoM_September_2023.pdf
Atal Tinkering Labs,https://aim.gov.in/atl.php,https://aim.gov.in/images/AIoT-Integration-Manual.pdf,DOWNLOADED,Scheme_PDFs/Atal Tinkering Labs/AIoT-Integration-Manual.pdf
Atal Tinkering Labs,https://aim.gov.in/atl.php,https://aim.gov.in/images/ATL-Marathon-Top-400-Teams.pdf,DOWNLOADED,Scheme_PDFs/Atal Tinkering Labs/ATL-Marathon-Top-400-Teams.pdf
Atal Tinkering Labs,https://aim.gov.in/atl.php,https://aim.gov.in/images/Final-Results_Tinkerpreeur-2022.pdf,DOWNLOADED,Scheme_PDFs/Atal Tinkering Labs/Final-Results_Tinkerpreeur-2022.pdf
Atal Tinkering Labs,https://aim.gov.in/atl.php,https://aim.gov.in/images/Tinkerpreneur-2023-Results.pdf,DOWNLOADED,Scheme_PDFs/Atal Tinkering Labs/Tinkerpreneur-2023-Results.pdf
Atal Tinkering Labs,https://aim.gov.in/atl.php,https://aim.gov.in/pdf/2023-24.pdf,DOWNLOADED,Scheme_PDFs/Atal Tinkering Labs/2023-24.pdf
Atal Tinkering Labs,https://aim.gov.in/atl.php,https://aim.gov.in/pdf/ATL-Guidebook.pdf,DOWNLOADED,Scheme_PDFs/Atal Tinkering Labs/ATL-Guidebook.pdf
Atal Tinkering Labs,https://aim.gov.in/atl.php,https://aim.gov.in/pdf/ATL-calendar-2025.pdf,DOWNLOADED,Scheme_PDFs/Atal Tinkering Labs/ATL-calendar-2025.pdf
Atal Tinkering Labs,https://aim.gov.in/atl.php,https://aim.gov.in/pdf/ATL-calendar.pdf,DOWNLOADED,Scheme_PDFs/Atal Tinkering Labs/ATL-calendar.pdf
Atal Tinkering Labs,https://aim.gov.in/atl.php,https://aim.gov.in/pdf/ATLMarathon2020_Top30Teams_Final.pdf,DOWNLOADED,Scheme_PDFs/Atal Tinkering Labs/ATLMarathon2020_Top30Teams_Final.pdf
Atal Tinkering Labs,https://aim.gov.in/atl.php,https://aim.gov.in/pdf/ATL_6038List.pdf,DOWNLOADED,Scheme_PDFs/Atal Tinkering Labs/ATL_6038List.pdf
Atal Tinkering Labs,https://aim.gov.in/atl.php,https://aim.gov.in/pdf/ATL_Calendar_2022-23.pdf,DOWNLOADED,Scheme_PDFs/Atal Tinkering Labs/ATL_Calendar_2022-23.pdf
Atal Tinkering Labs,https://aim.gov.in/atl.php,https://aim.gov.in/pdf/ATL_Community_Day.pdf,DOWNLOADED,Scheme_PDFs/Atal Tinkering Labs/ATL_Community_Day.pdf
Atal Tinkering Labs,https://aim.gov.in/atl.php,https://aim.gov.in/pdf/ATL_Orientation_Brochure.pdf,DOWNLOADED,Scheme_PDFs/Atal Tinkering Labs/ATL_Orientation_Brochure.pdf
Atal Tinkering Labs,https://aim.gov.in/atl.php,https://aim.gov.in/pdf/ATL_SIP_Brochure.pdf,DOWNLOADED,Scheme_PDFs/Atal Tinkering Labs/ATL_SIP_Brochure.pdf
Atal Tinkering Labs,https://aim.gov.in/atl.php,https://aim.gov.in/pdf/ATL_Teacher_Book_high_res.pdf,DOWNLOADED,Scheme_PDFs/Atal Tinkering Labs/ATL_Teacher_Book_high_res.pdf
Atal Tinkering Labs,https://aim.gov.in/atl.php,https://aim.gov.in/pdf/ATL_Teacher_of_change_book.pdf,DOWNLOADED,Scheme_PDFs/Atal Tinkering Labs/ATL_Teacher_of_change_book.pdf
Atal Tinkering Labs,https://aim.gov.in/atl.php,https://aim.gov.in/pdf/Assessment-Report-of-Atal-tinkering-Labs.pdf,DOWNLOADED,Scheme_PDFs/Atal Tinkering Labs/Assessment-Report-of-Atal-tinkering-Labs.pdf
Atal Tinkering Labs,https://aim.gov.in/atl.php,https://aim.gov.in/pdf/MoE DO letter dt 18.06.2024 reg ATL Period and Curriculum.pdf,DOWNLOADED,Scheme_PDFs/Atal Tinkering Labs/MoE DO letter dt 18.06.2024 reg ATL Period and Curriculum.pdf
Atal Tinkering Labs,https://aim.gov.in/atl.php,https://aim.gov.in/pdf/OperationalATLsInIndia.pdf,DOWNLOADED,Scheme_PDFs/Atal Tinkering Labs/OperationalATLsInIndia.pdf
Atal Tinkering Labs,https://aim.gov.in/atl.php,https://aim.gov.in/pdf/SIPHandBook_Digital.pdf,DOWNLOADED,Scheme_PDFs/Atal Tinkering Labs/SIPHandBook_Digital.pdf
Atal Tinkering Labs,https://aim.gov.in/atl.php,https://aim.gov.in/pdf/SoM_October-2023.pdf,DOWNLOADED,Scheme_PDFs/Atal Tinkering Labs/SoM_October-2023.pdf
Atal Tinkering Labs,https://aim.gov.in/atl.php,https://aim.gov.in/pdf/TINKERPRENEUR-2025-TOP-100-RESULT.pdf,DOWNLOADED,Scheme_PDFs/Atal Tinkering Labs/TINKERPRENEUR-2025-TOP-100-RESULT.pdf
Atal Tinkering Labs,https://aim.gov.in/atl.php,https://aim.gov.in/pdf/Tranche-2-disbursed.pdf,DOWNLOADED,Scheme_PDFs/Atal Tinkering Labs/Tranche-2-disbursed.pdf
Atal Tinkering Labs,https://aim.gov.in/atl.php,https://aim.gov.in/pdf/Tranche-3-disbursed.pdf,DOWNLOADED,Scheme_PDFs/Atal Tinkering Labs/Tranche-3-disbursed.pdf
Atal Tinkering Labs,https://aim.gov.in/atl.php,https://aim.gov.in/pdf/equipment-manual-pdf.pdf,DOWNLOADED,Scheme_PDFs/Atal Tinkering Labs/equipment-manual-pdf.pdf
Atal Tinkering Labs,https://aim.gov.in/atl.php,https://atl.aim.gov.in/cgrms/register/ATL_FAQs.pdf,DOWNLOADED,Scheme_PDFs/Atal Tinkering Labs/ATL_FAQs.pdf
Atal Tinkering Labs,https://aim.gov.in/atl.php,https://www.aim.gov.in/pdf/AIM_EToC_Book_4.pdf,DOWNLOADED,Scheme_PDFs/Atal Tinkering Labs/AIM_EToC_Book_4.pdf
Atal Tinkering Labs,https://aim.gov.in/atl.php,https://www.aim.gov.in/pdf/AIM_EToC_Book_Launch.pdf,DOWNLOADED,Scheme_PDFs/Atal Tinkering Labs/AIM_EToC_Book_Launch.pdf
About AIM,https://aim.gov.in/index.php,https://aim.gov.in/images/SSC-Combined-Final-Results-24-11.pdf,DOWNLOADED,Scheme_PDFs/About AIM/SSC-Combined-Final-Results-24-11_1.pdf
About AIM,https://aim.gov.in/index.php,https://aim.gov.in/pdf/ASSESSMENT-FRAMEWORK-FOR-STARTUP-INCUBATION-CENTRES.pdf,DOWNLOADED,Scheme_PDFs/About AIM/ASSESSMENT-FRAMEWORK-FOR-STARTUP-INCUBATION-CENTRES_1.pdf
About AIM,https://aim.gov.in/index.php,https://aim.gov.in/pdf/ATL-Calendar-2026.pdf,DOWNLOADED,Scheme_PDFs/About AIM/ATL-Calendar-2026_1.pdf
About AIM,https://aim.gov.in/index.php,https://aim.gov.in/pdf/ATL-Guidebook.pdf,DOWNLOADED,Scheme_PDFs/About AIM/ATL-Guidebook_1.pdf
About AIM,https://aim.gov.in/index.php,https://aim.gov.in/pdf/ATL-Marathon-2022-23-Top-100-Teams.pdf,DOWNLOADED,Scheme_PDFs/About AIM/ATL-Marathon-2022-23-Top-100-Teams_1.pdf
About AIM,https://aim.gov.in/index.php,https://aim.gov.in/pdf/ATL-Marathon-23-24-Top-150-Teams.pdf,DOWNLOADED,Scheme_PDFs/About AIM/ATL-Marathon-23-24-Top-150-Teams_1.pdf
About AIM,https://aim.gov.in/index.php,https://aim.gov.in/pdf/ATL-Newsletter-April-2025.pdf,DOWNLOADED,Scheme_PDFs/About AIM/ATL-Newsletter-April-2025_1.pdf
About AIM,https://aim.gov.in/index.php,https://aim.gov.in/pdf/ATL-Newsletter-February-2025.pdf,DOWNLOADED,Scheme_PDFs/About AIM/ATL-Newsletter-February-2025_1.pdf
About AIM,https://aim.gov.in/index.php,https://aim.gov.in/pdf/ATL-Newsletter-Jan-2025.pdf,DOWNLOADED,Scheme_PDFs/About AIM/ATL-Newsletter-Jan-2025_1.pdf
About AIM,https://aim.gov.in/index.php,https://aim.gov.in/pdf/ATL-Newsletter-March-2025.pdf,DOWNLOADED,Scheme_PDFs/About AIM/ATL-Newsletter-March-2025_1.pdf
About AIM,https://aim.gov.in/index.php,https://aim.gov.in/pdf/ATL-Newsletter-May-2025.pdf,DOWNLOADED,Scheme_PDFs/About AIM/ATL-Newsletter-May-2025_1.pdf
About AIM,https://aim.gov.in/index.php,https://aim.gov.in/pdf/Assessment-Report-of-Atal-tinkering-Labs.pdf,DOWNLOADED,Scheme_PDFs/About AIM/Assessment-Report-of-Atal-tinkering-Labs_1.pdf
About AIM,https://aim.gov.in/index.php,https://aim.gov.in/pdf/Final-List-Top-1000-teams.pdf,DOWNLOADED,Scheme_PDFs/About AIM/Final-List-Top-1000-teams_2.pdf
About AIM,https://aim.gov.in/index.php,https://aim.gov.in/pdf/LIPI-Public-consultation.pdf,DOWNLOADED,Scheme_PDFs/About AIM/LIPI-Public-consultation_1.pdf
About AIM,https://aim.gov.in/index.php,https://aim.gov.in/pdf/Results-Top-500-Teams-ATL-Marathon-2023-24.pdf,DOWNLOADED,Scheme_PDFs/About AIM/Results-Top-500-Teams-ATL-Marathon-2023-24_1.pdf
About AIM,https://aim.gov.in/index.php,https://aim.gov.in/pdf/SoM-November-2023.pdf,DOWNLOADED,Scheme_PDFs/About AIM/SoM-November-2023_1.pdf
About AIM,https://aim.gov.in/index.php,https://aim.gov.in/pdf/SoM_December_2023.pdf,DOWNLOADED,Scheme_PDFs/About AIM/SoM_December_2023_1.pdf
About AIM,https://aim.gov.in/index.php,https://aim.gov.in/pdf/SoM_January 2024.pdf,DOWNLOADED,Scheme_PDFs/About AIM/SoM_January 2024_1.pdf
About AIM,https://aim.gov.in/index.php,https://aim.gov.in/pdf/Startup20_Communique_2023_India.pdf,DOWNLOADED,Scheme_PDFs/About AIM/Startup20_Communique_2023_India_1.pdf
About AIM,https://aim.gov.in/index.php,https://aim.gov.in/pdf/TINKERPRENEUR-2025-TOP-100-RESULT.pdf,DOWNLOADED,Scheme_PDFs/About AIM/TINKERPRENEUR-2025-TOP-100-RESULT_2.pdf
About AIM,https://aim.gov.in/index.php,https://aim.gov.in/pdf/Tinkerpreneur-2024-Brochure.pdf,DOWNLOADED,Scheme_PDFs/About AIM/Tinkerpreneur-2024-Brochure_1.pdf
About AIM,https://aim.gov.in/index.php,https://niti.gov.in/sites/default/files/2023-08/ASSESSMENT-FRAMEWORK-FOR-STARTUP-INCUBATION-CENTRE.pdf,DOWNLOAD_FAILED: HTTP 403,
About AIM,https://aim.gov.in/index.php,https://www.aim.gov.in/SoM_February_2024.pdf,DOWNLOADED,Scheme_PDFs/About AIM/SoM_February_2024_1.pdf
About AIM,https://aim.gov.in/index.php,https://www.aim.gov.in/pdf/AIM_EToC_Book_4.pdf,DOWNLOADED,Scheme_PDFs/About AIM/AIM_EToC_Book_4_1.pdf
About AIM,https://aim.gov.in/index.php,https://www.aim.gov.in/pdf/ATL-calendar-2025.pdf,DOWNLOADED,Scheme_PDFs/About AIM/ATL-calendar-2025_1.pdf
About AIM,https://aim.gov.in/index.php,https://www.aim.gov.in/pdf/ATL-calendar.pdf,DOWNLOADED,Scheme_PDFs/About AIM/ATL-calendar_1.pdf
About AIM,https://aim.gov.in/index.php,https://www.aim.gov.in/pdf/Final-List-Top-1000-teams.pdf,DOWNLOADED,Scheme_PDFs/About AIM/Final-List-Top-1000-teams_3.pdf
About AIM,https://aim.gov.in/index.php,https://www.aim.gov.in/pdf/SoM-April-2026.pdf,DOWNLOADED,Scheme_PDFs/About AIM/SoM-April-2026_1.pdf
About AIM,https://aim.gov.in/index.php,https://www.aim.gov.in/pdf/SoM-August-2025.pdf,DOWNLOADED,Scheme_PDFs/About AIM/SoM-August-2025_1.pdf
About AIM,https://aim.gov.in/index.php,https://www.aim.gov.in/pdf/SoM-December-2025.pdf,DOWNLOADED,Scheme_PDFs/About AIM/SoM-December-2025_1.pdf
About AIM,https://aim.gov.in/index.php,https://www.aim.gov.in/pdf/SoM-February-2026.pdf,DOWNLOADED,Scheme_PDFs/About AIM/SoM-February-2026_1.pdf
About AIM,https://aim.gov.in/index.php,https://www.aim.gov.in/pdf/SoM-January-2026.pdf,DOWNLOADED,Scheme_PDFs/About AIM/SoM-January-2026_1.pdf
About AIM,https://aim.gov.in/index.php,https://www.aim.gov.in/pdf/SoM-July-2025.pdf,DOWNLOADED,Scheme_PDFs/About AIM/SoM-July-2025_1.pdf
About AIM,https://aim.gov.in/index.php,https://www.aim.gov.in/pdf/SoM-June-2026.pdf,DOWNLOADED,Scheme_PDFs/About AIM/SoM-June-2026_1.pdf
About AIM,https://aim.gov.in/index.php,https://www.aim.gov.in/pdf/SoM-March-2026.pdf,DOWNLOADED,Scheme_PDFs/About AIM/SoM-March-2026_1.pdf
About AIM,https://aim.gov.in/index.php,https://www.aim.gov.in/pdf/SoM-May-2026.pdf,DOWNLOADED,Scheme_PDFs/About AIM/SoM-May-2026_1.pdf
About AIM,https://aim.gov.in/index.php,https://www.aim.gov.in/pdf/SoM-November-2025.pdf,DOWNLOADED,Scheme_PDFs/About AIM/SoM-November-2025_1.pdf
About AIM,https://aim.gov.in/index.php,https://www.aim.gov.in/pdf/SoM-October-2025.pdf,DOWNLOADED,Scheme_PDFs/About AIM/SoM-October-2025_1.pdf
About AIM,https://aim.gov.in/index.php,https://www.aim.gov.in/pdf/SoM-September-2025.pdf,DOWNLOADED,Scheme_PDFs/About AIM/SoM-September-2025_1.pdf
About AIM,https://aim.gov.in/index.php,https://www.aim.gov.in/pdf/SoM_April 2024.pdf,DOWNLOADED,Scheme_PDFs/About AIM/SoM_April 2024_1.pdf
About AIM,https://aim.gov.in/index.php,https://www.aim.gov.in/pdf/SoM_April-2025.pdf,DOWNLOADED,Scheme_PDFs/About AIM/SoM_April-2025_1.pdf
About AIM,https://aim.gov.in/index.php,https://www.aim.gov.in/pdf/SoM_August-2024.pdf,DOWNLOADED,Scheme_PDFs/About AIM/SoM_August-2024_1.pdf
About AIM,https://aim.gov.in/index.php,https://www.aim.gov.in/pdf/SoM_December-2024.pdf,DOWNLOADED,Scheme_PDFs/About AIM/SoM_December-2024_1.pdf
About AIM,https://aim.gov.in/index.php,https://www.aim.gov.in/pdf/SoM_February-2025.pdf,DOWNLOADED,Scheme_PDFs/About AIM/SoM_February-2025_1.pdf
About AIM,https://aim.gov.in/index.php,https://www.aim.gov.in/pdf/SoM_January-2025.pdf,DOWNLOADED,Scheme_PDFs/About AIM/SoM_January-2025_1.pdf
About AIM,https://aim.gov.in/index.php,https://www.aim.gov.in/pdf/SoM_July-2024.pdf,DOWNLOADED,Scheme_PDFs/About AIM/SoM_July-2024_1.pdf
About AIM,https://aim.gov.in/index.php,https://www.aim.gov.in/pdf/SoM_June-2024.pdf,DOWNLOADED,Scheme_PDFs/About AIM/SoM_June-2024_1.pdf
About AIM,https://aim.gov.in/index.php,https://www.aim.gov.in/pdf/SoM_June-2025.pdf,DOWNLOADED,Scheme_PDFs/About AIM/SoM_June-2025_1.pdf
About AIM,https://aim.gov.in/index.php,https://www.aim.gov.in/pdf/SoM_March 2024.pdf,DOWNLOADED,Scheme_PDFs/About AIM/SoM_March 2024_1.pdf
About AIM,https://aim.gov.in/index.php,https://www.aim.gov.in/pdf/SoM_March-2025.pdf,DOWNLOADED,Scheme_PDFs/About AIM/SoM_March-2025_1.pdf
About AIM,https://aim.gov.in/index.php,https://www.aim.gov.in/pdf/SoM_May-2024.pdf,DOWNLOADED,Scheme_PDFs/About AIM/SoM_May-2024_1.pdf
About AIM,https://aim.gov.in/index.php,https://www.aim.gov.in/pdf/SoM_May-2025.pdf,DOWNLOADED,Scheme_PDFs/About AIM/SoM_May-2025_1.pdf
About AIM,https://aim.gov.in/index.php,https://www.aim.gov.in/pdf/SoM_November-2024.pdf,DOWNLOADED,Scheme_PDFs/About AIM/SoM_November-2024_1.pdf
About AIM,https://aim.gov.in/index.php,https://www.aim.gov.in/pdf/SoM_October-2024.pdf,DOWNLOADED,Scheme_PDFs/About AIM/SoM_October-2024_1.pdf
About AIM,https://aim.gov.in/index.php,https://www.aim.gov.in/pdf/SoM_September-2024.pdf,DOWNLOADED,Scheme_PDFs/About AIM/SoM_September-2024_1.pdf
About AIM,https://aim.gov.in/index.php,https://www.aim.gov.in/pdf/TINKERPRENEUR-2025-TOP-100-RESULT.pdf,DOWNLOADED,Scheme_PDFs/About AIM/TINKERPRENEUR-2025-TOP-100-RESULT_3.pdf
MSME CHAMPIONS,https://champions.gov.in/MSME_Ministry_entrepreneurs/PMEGP_bank_loan_finance/old_existing_Schemes.htm,http://dcmsme.gov.in/schemes/clcs-tus/Operational_Guidelines_ZED.pdf,"DOWNLOAD_FAILED: HTTPConnectionPool(host='dcmsme.gov.in', port=80): Max retries exceeded with url: /schemes/clcs-tus/Operational_Guidelines_ZED.pdf (Caused by ConnectTimeoutError(<urllib3.connection.HTTPConnection object at 0x7868f1aee0f0>, 'Connection to dcmsme.gov.in timed out. (connect timeout=20)'))",
MSME CHAMPIONS,https://champions.gov.in/MSME_Ministry_entrepreneurs/PMEGP_bank_loan_finance/old_existing_Schemes.htm,http://www.dcmsme.gov.in/schemes/Design-Guidelines-CLCS-TUS-2019-2020.pdf,"DOWNLOAD_FAILED: HTTPConnectionPool(host='www.dcmsme.gov.in', port=80): Max retries exceeded with url: /schemes/Design-Guidelines-CLCS-TUS-2019-2020.pdf (Caused by ConnectTimeoutError(<urllib3.connection.HTTPConnection object at 0x7868f20618e0>, 'Connection to www.dcmsme.gov.in timed out. (connect timeout=20)'))",
MSME CHAMPIONS,https://champions.gov.in/MSME_Ministry_entrepreneurs/PMEGP_bank_loan_finance/old_existing_Schemes.htm,http://www.dcmsme.gov.in/schemes/DigitalMSME-Guideline-CLCS-TUS-2019-2020.pdf,"DOWNLOAD_FAILED: HTTPConnectionPool(host='www.dcmsme.gov.in', port=80): Max retries exceeded with url: /schemes/DigitalMSME-Guideline-CLCS-TUS-2019-2020.pdf (Caused by ConnectTimeoutError(<urllib3.connection.HTTPConnection object at 0x7868f25a7c80>, 'Connection to www.dcmsme.gov.in timed out. (connect timeout=20)'))",
MSME CHAMPIONS,https://champions.gov.in/MSME_Ministry_entrepreneurs/PMEGP_bank_loan_finance/old_existing_Schemes.htm,http://www.dcmsme.gov.in/schemes/Guidlines.07.8.19.pdf,"DOWNLOAD_FAILED: HTTPConnectionPool(host='www.dcmsme.gov.in', port=80): Max retries exceeded with url: /schemes/Guidlines.07.8.19.pdf (Caused by ConnectTimeoutError(<urllib3.connection.HTTPConnection object at 0x78690a86c800>, 'Connection to www.dcmsme.gov.in timed out. (connect timeout=20)'))",
MSME CHAMPIONS,https://champions.gov.in/MSME_Ministry_entrepreneurs/PMEGP_bank_loan_finance/old_existing_Schemes.htm,http://www.dcmsme.gov.in/schemes/IPR-Guidelines-CLCS-TUS-2019-2020.pdf,DOWNLOAD_FAILED: domain circuit-breaker tripped,
MSME CHAMPIONS,https://champions.gov.in/MSME_Ministry_entrepreneurs/PMEGP_bank_loan_finance/old_existing_Schemes.htm,http://www.dcmsme.gov.in/schemes/Incubator-Guidelines-CLCS-TUS-2019-2020.pdf,DOWNLOAD_FAILED: domain circuit-breaker tripped,
MSME CHAMPIONS,https://champions.gov.in/MSME_Ministry_entrepreneurs/PMEGP_bank_loan_finance/old_existing_Schemes.htm,http://www.dcmsme.gov.in/schemes/clcs-tus/LEAN-Operational-Guidlelines.pdf,DOWNLOAD_FAILED: domain circuit-breaker tripped,
MSME CHAMPIONS,https://champions.gov.in/MSME_Ministry_entrepreneurs/PMEGP_bank_loan_finance/old_existing_Schemes.htm,https://champions.gov.in/Docs/Success_Stories.pdf,DOWNLOADED,Scheme_PDFs/MSME CHAMPIONS/Success_Stories_1.pdf
MSME CHAMPIONS,https://champions.gov.in/MSME_Ministry_entrepreneurs/PMEGP_bank_loan_finance/old_existing_Schemes.htm,https://champions.gov.in/Docs/TestimonialbyFHRAI.pdf,DOWNLOADED,Scheme_PDFs/MSME CHAMPIONS/TestimonialbyFHRAI_1.pdf
MSME CHAMPIONS,https://champions.gov.in/MSME_Ministry_entrepreneurs/PMEGP_bank_loan_finance/old_existing_Schemes.htm,"https://sidbi.in/files/circulars/ISS-for-MSMEs,-2018---Circular-and-FAQs.pdf",DOWNLOAD_FAILED: HTTP 404,
Resources,https://aim.gov.in/resources.php,https://aim.gov.in/AIM_Brochure.pdf,DOWNLOADED,Scheme_PDFs/Resources/AIM_Brochure.pdf
Resources,https://aim.gov.in/resources.php,https://aim.gov.in/CTB-75-womenpreneurs-of-India.pdf,DOWNLOADED,Scheme_PDFs/Resources/CTB-75-womenpreneurs-of-India.pdf
Resources,https://aim.gov.in/resources.php,https://aim.gov.in/images/NPI_Handbook.pdf,DOWNLOADED,Scheme_PDFs/Resources/NPI_Handbook.pdf
Resources,https://aim.gov.in/resources.php,https://aim.gov.in/pdf/AI-Prenuers-Coffee-Table-Book-final.pdf,DOWNLOADED,Scheme_PDFs/Resources/AI-Prenuers-Coffee-Table-Book-final.pdf
Resources,https://aim.gov.in/resources.php,https://aim.gov.in/pdf/AIM-CSR-Guidebook.pdf,DOWNLOADED,Scheme_PDFs/Resources/AIM-CSR-Guidebook.pdf
Resources,https://aim.gov.in/resources.php,https://aim.gov.in/pdf/AIM_HealthcareCTB.pdf,DOWNLOADED,Scheme_PDFs/Resources/AIM_HealthcareCTB.pdf
Resources,https://aim.gov.in/resources.php,https://aim.gov.in/pdf/ASSESSMENT-FRAMEWORK-FOR-STARTUP-INCUBATION-CENTRES.pdf,DOWNLOADED,Scheme_PDFs/Resources/ASSESSMENT-FRAMEWORK-FOR-STARTUP-INCUBATION-CENTRES.pdf
Resources,https://aim.gov.in/resources.php,https://aim.gov.in/pdf/ATL_Orientation_Brochure.pdf,DOWNLOADED,Scheme_PDFs/Resources/ATL_Orientation_Brochure.pdf
Resources,https://aim.gov.in/resources.php,https://aim.gov.in/pdf/Agriculture-and-Allied-Sectors.pdf,DOWNLOADED,Scheme_PDFs/Resources/Agriculture-and-Allied-Sectors.pdf
Resources,https://aim.gov.in/resources.php,https://aim.gov.in/pdf/EIC_guidelines_2019.pdf,DOWNLOADED,Scheme_PDFs/Resources/EIC_guidelines_2019.pdf
Resources,https://aim.gov.in/resources.php,https://aim.gov.in/pdf/GUIDELINES_FOR_SETTING_UP_OF_ATAL_INCUBATION_CENTRES_(AICs).pdf,DOWNLOADED,Scheme_PDFs/Resources/GUIDELINES_FOR_SETTING_UP_OF_ATAL_INCUBATION_CENTRES__AICs_.pdf
Resources,https://aim.gov.in/resources.php,https://aim.gov.in/pdf/Life-Sciences-and-Biotechnology_6th-CTB_AIM_v1.pdf,DOWNLOADED,Scheme_PDFs/Resources/Life-Sciences-and-Biotechnology_6th-CTB_AIM_v1.pdf
Resources,https://aim.gov.in/resources.php,https://aim.gov.in/pdf/Report-UNCDF.pdf,DOWNLOADED,Scheme_PDFs/Resources/Report-UNCDF.pdf
Resources,https://aim.gov.in/resources.php,https://aim.gov.in/pdf/SAMRIDH-White-Paper_Digital.pdf,DOWNLOADED,Scheme_PDFs/Resources/SAMRIDH-White-Paper_Digital.pdf
Resources,https://aim.gov.in/resources.php,https://aim.gov.in/pdf/SSM-Blore-workshop-Report-Final.pdf,DOWNLOADED,Scheme_PDFs/Resources/SSM-Blore-workshop-Report-Final.pdf
Resources,https://aim.gov.in/resources.php,https://aim.gov.in/pdf/Startup20_Communique_2023_India.pdf,DOWNLOADED,Scheme_PDFs/Resources/Startup20_Communique_2023_India.pdf
Resources,https://aim.gov.in/resources.php,https://aim.gov.in/pdf/White_Paper_Financial_Sustainability_of_Startup_Incubators.pdf,DOWNLOADED,Scheme_PDFs/Resources/White_Paper_Financial_Sustainability_of_Startup_Incubators.pdf
Resources,https://aim.gov.in/resources.php,https://aim.gov.in/pdf/sdg-coffee-table-book.pdf,DOWNLOADED,Scheme_PDFs/Resources/sdg-coffee-table-book.pdf
